ID,ocean.region,brood_year,release_year,N.released,n.month,start_year,ID_numb,year.reg,year.reg.idx,origin.idx,loc.spawn.idx
Abernathy,LCOL,1977,1978,432152,11.5,1,1,LCOL.1978,34,7,7
Abernathy,LCOL,1978,1979,112386,12,2,2,LCOL.1979,35,7,7
Abernathy,LCOL,1979,1980,151226,12,3,3,LCOL.1980,36,7,7
Abernathy,LCOL,1980,1981,82627,12,4,4,LCOL.1981,37,7,7
Abernathy,LCOL,1981,1982,111412,11,5,5,LCOL.1982,38,7,7
Abernathy,LCOL,1989,1990,44083,13.5,13,6,LCOL.1990,46,7,7
Abernathy,LCOL,1990,1991,45299,12,14,7,LCOL.1991,47,7,7
Abernathy,LCOL,1991,1992,259425,12,15,8,LCOL.1992,48,7,7
Abernathy,LCOL,1992,1993,293359,12,16,9,LCOL.1993,49,7,7
Abernathy,LCOL,1993,1994,141745,12,17,10,LCOL.1994,50,7,7
Abernathy,LCOL,1994,1995,45802,13,18,11,LCOL.1995,51,7,7
Big Creek_large,SAB,1982,1983,97796,8,6,12,SAB.1983,227,6,6
Big Creek_large,SAB,1983,1984,114492,8,7,13,SAB.1984,228,6,6
Big Creek_large,SAB,1984,1985,98850,8.5,8,14,SAB.1985,229,6,6
Big Creek_large,SAB,1985,1986,145544,8,9,15,SAB.1986,230,6,6
Big Creek_large,SAB,1986,1987,156574,8,10,16,SAB.1987,231,6,6
Big Creek_large,SAB,1987,1988,148571,8,11,17,SAB.1988,232,6,6
Big Creek_large,SAB,1988,1989,155334,9.5,12,18,SAB.1989,233,6,6
Big Creek_large,SAB,1989,1990,152691,9,13,19,SAB.1990,234,6,6
Big Creek_large,SAB,1990,1991,153009,8.5,14,20,SAB.1991,235,6,6
Big Creek_large,SAB,1991,1992,155817,8,15,21,SAB.1992,236,6,6
Big Creek_large,SAB,1992,1993,104250,8,16,22,SAB.1993,237,6,6
Big Creek_large,SAB,1993,1994,109048,8,17,23,SAB.1994,238,6,6
Big Creek_large,SAB,1994,1995,105325,8,18,24,SAB.1995,239,6,6
Big Creek_large,SAB,1995,1996,52113,8.5,19,25,SAB.1996,240,6,6
Big Creek_large,SAB,1999,2000,54001,7.5,23,26,SAB.2000,244,6,6
Big Creek_large,SAB,2002,2003,27298,8,26,27,SAB.2003,247,6,6
Big Creek_large,SAB,2003,2004,54598,8.5,27,28,SAB.2004,248,6,6
Big Creek_large,SAB,2004,2005,29321,8,28,29,SAB.2005,249,6,6
Big Creek_small,LCOL,1977,1978,211631,11,1,30,LCOL.1978,34,7,7
Big Creek_small,LCOL,1978,1979,224859,11,2,31,LCOL.1979,35,7,7
Big Creek_small,LCOL,1979,1980,187248,11,3,32,LCOL.1980,36,7,7
Big Creek_small,LCOL,1980,1981,196176,11,4,33,LCOL.1981,37,7,7
Big Creek_small,LCOL,1981,1982,131234,11,5,34,LCOL.1982,38,7,7
Big Creek_small,LCOL,1986,1987,309516,12.5,10,35,LCOL.1987,43,7,7
Big Creek_small,LCOL,1987,1988,313024,11.5,11,36,LCOL.1988,44,7,7
Big Creek_small,LCOL,1988,1989,316016,11.5,12,37,LCOL.1989,45,7,7
Big Creek_small,LCOL,1989,1990,108268,11.5,13,38,LCOL.1990,46,7,7
Big Creek_small,LCOL,1990,1991,155349,12,14,39,LCOL.1991,47,7,7
Big Creek_small,LCOL,1991,1992,160001,12,15,40,LCOL.1992,48,7,7
Big Creek_small,LCOL,1992,1993,105966,11.5,16,41,LCOL.1993,49,7,7
Big Creek_small,LCOL,1993,1994,105425,12,17,42,LCOL.1994,50,7,7
Big Creek_small,LCOL,1994,1995,158756,11.5,18,43,LCOL.1995,51,7,7
Big Creek_small,LCOL,1996,1997,217574,11,20,44,LCOL.1997,53,7,7
Big Creek_small,LCOL,1997,1998,218967,12,21,45,LCOL.1998,54,7,7
Big Creek_small,LCOL,1998,1999,225527,11,22,46,LCOL.1999,55,7,7
Big Creek_small,LCOL,1999,2000,215198,11,23,47,LCOL.2000,56,7,7
Big Creek_small,LCOL,2000,2001,224267,11,24,48,LCOL.2001,57,7,7
Big Creek_small,LCOL,2001,2002,217191,11,25,49,LCOL.2002,58,7,7
Big Creek_small,LCOL,2002,2003,213910,11,26,50,LCOL.2003,59,7,7
Big Creek_small,LCOL,2003,2004,225582,11,27,51,LCOL.2004,60,7,7
Big Creek_small,LCOL,2004,2005,223507,11,28,52,LCOL.2005,61,7,7
Big Creek_small,LCOL,2005,2006,230174,11,29,53,LCOL.2006,62,7,7
Big Creek_small,LCOL,2006,2007,222476,11,30,54,LCOL.2007,63,7,7
Big Creek_small,LCOL,2007,2008,227193,11,31,55,LCOL.2008,64,7,7
Big Creek_small,LCOL,2008,2009,225164,11,32,56,LCOL.2009,65,7,7
Big Creek_small,LCOL,2009,2010,225945,12,33,57,LCOL.2010,66,7,7
Big Qualicum,SGEO_N,1977,1978,189819,10,1,58,SGEO_N.1978,288,15,15
Big Qualicum,SGEO_N,1978,1979,220713,10,2,59,SGEO_N.1979,289,15,15
Big Qualicum,SGEO_N,1979,1980,249577,10,3,60,SGEO_N.1980,290,15,15
Big Qualicum,SGEO_N,1980,1981,121085,10.5,4,61,SGEO_N.1981,291,15,15
Big Qualicum,SGEO_N,1981,1982,102173,10,5,62,SGEO_N.1982,292,15,15
Big Qualicum,SGEO_N,1982,1983,77057,10,6,63,SGEO_N.1983,293,15,15
Big Qualicum,SGEO_N,1983,1984,199439,10,7,64,SGEO_N.1984,294,15,15
Big Qualicum,SGEO_N,1984,1985,252994,10.5,8,65,SGEO_N.1985,295,15,15
Big Qualicum,SGEO_N,1985,1986,208713,10,9,66,SGEO_N.1986,296,15,15
Big Qualicum,SGEO_N,1986,1987,207451,11,10,67,SGEO_N.1987,297,15,15
Big Qualicum,SGEO_N,1987,1988,208379,11,11,68,SGEO_N.1988,298,15,15
Big Qualicum,SGEO_N,1988,1989,256292,10.5,12,69,SGEO_N.1989,299,15,15
Big Qualicum,SGEO_N,1989,1990,210991,11,13,70,SGEO_N.1990,300,15,15
Big Qualicum,SGEO_N,1990,1991,271731,10.5,14,71,SGEO_N.1991,301,15,15
Big Qualicum,SGEO_N,1991,1992,191562,11,15,72,SGEO_N.1992,302,15,15
Big Qualicum,SGEO_N,1992,1993,210668,10.5,16,73,SGEO_N.1993,303,15,15
Big Qualicum,SGEO_N,1993,1994,208905,11,17,74,SGEO_N.1994,304,15,15
Big Qualicum,SGEO_N,1994,1995,209532,10.5,18,75,SGEO_N.1995,305,15,15
Big Qualicum,SGEO_N,1995,1996,217299,10.5,19,76,SGEO_N.1996,306,15,15
Big Qualicum,SGEO_N,1996,1997,209831,10.5,20,77,SGEO_N.1997,307,15,15
Big Qualicum,SGEO_N,1997,1998,201752,11,21,78,SGEO_N.1998,308,15,15
Big Qualicum,SGEO_N,1998,1999,203266,11,22,79,SGEO_N.1999,309,15,15
Big Qualicum,SGEO_N,1999,2000,202938,11,23,80,SGEO_N.2000,310,15,15
Big Qualicum,SGEO_N,2000,2001,218427,11,24,81,SGEO_N.2001,311,15,15
Big Qualicum,SGEO_N,2001,2002,215705,11,25,82,SGEO_N.2002,312,15,15
Big Qualicum,SGEO_N,2002,2003,219711,11,26,83,SGEO_N.2003,313,15,15
Big Qualicum,SGEO_N,2003,2004,201203,11,27,84,SGEO_N.2004,314,15,15
Big Qualicum,SGEO_N,2004,2005,215004,11,28,85,SGEO_N.2005,315,15,15
Big Qualicum,SGEO_N,2005,2006,223084,11,29,86,SGEO_N.2006,316,15,15
Big Qualicum,SGEO_N,2006,2007,199619,11,30,87,SGEO_N.2007,317,15,15
Big Qualicum,SGEO_N,2007,2008,205857,11,31,88,SGEO_N.2008,318,15,15
Big Qualicum,SGEO_N,2008,2009,203540,11,32,89,SGEO_N.2009,319,15,15
Big Qualicum,SGEO_N,2009,2010,549747,9,33,90,SGEO_N.2010,320,15,15
Bonneville_late,MCOL,1977,1978,89260,6,1,91,MCOL.1978,67,8,8
Bonneville_late,MCOL,1977,1979,32745,1,1,92,MCOL.1979,68,8,8
Bonneville_late,MCOL,1978,1979,51227,5,2,93,MCOL.1979,68,8,8
Bonneville_late,MCOL,1978,1980,49334,1,2,94,MCOL.1980,69,8,8
Bonneville_late,MCOL,1979,1980,151991,7.5,3,95,MCOL.1980,69,8,8
Bonneville_late,MCOL,1980,1981,302368,9,4,96,MCOL.1981,70,8,8
Bonneville_late,MCOL,1980,1982,50553,1,4,97,MCOL.1982,71,8,8
Bonneville_late,MCOL,1981,1982,309126,8,5,98,MCOL.1982,71,8,8
Bonneville_late,MCOL,1981,1983,49918,1,5,99,MCOL.1983,72,8,8
Bonneville_late,MCOL,1982,1983,299504,10,6,100,MCOL.1983,72,8,8
Bonneville_late,MCOL,1983,1984,254956,8,7,101,MCOL.1984,73,8,8
Bonneville_late,MCOL,1983,1985,51960,1,7,102,MCOL.1985,74,8,8
Bonneville_late,MCOL,1984,1986,50346,2,8,103,MCOL.1986,75,8,8
Bonneville_late,MCOL,1985,1986,379672,6,9,104,MCOL.1986,75,8,8
Bonneville_late,MCOL,1985,1987,47943,1,9,105,MCOL.1987,76,8,8
Bonneville_late,MCOL,1986,1987,318439,5,10,106,MCOL.1987,76,8,8
Bonneville_late,MCOL,1987,1988,159156,8,11,107,MCOL.1988,77,8,8
Bonneville_late,MCOL,1988,1989,201216,10,12,108,MCOL.1989,78,8,8
Bonneville_late,MCOL,1989,1990,191509,9,13,109,MCOL.1990,79,8,8
Bonneville_late,MCOL,1990,1991,437677,9.5,14,110,MCOL.1991,80,8,8
Bonneville_late,MCOL,1991,1992,102163,9,15,111,MCOL.1992,81,8,8
Bonneville_late,MCOL,1992,1993,97104,9,16,112,MCOL.1993,82,8,8
Bonneville_late,MCOL,1993,1994,1108329,9.5,17,113,MCOL.1994,83,8,8
Bonneville_late,MCOL,1994,1995,233782,9.5,18,114,MCOL.1995,84,8,8
Bonneville_late,MCOL,1995,1996,239982,9.5,19,115,MCOL.1996,85,8,8
Bonneville_late,MCOL,1996,1997,106199,9.5,20,116,MCOL.1997,86,8,8
Bonneville_late,MCOL,1997,1998,114496,9.5,21,117,MCOL.1998,87,8,8
Bonneville_late,MCOL,1998,1999,308770,9.5,22,118,MCOL.1999,88,8,8
Bonneville_late,MCOL,1999,2000,320446,9,23,119,MCOL.2000,89,8,8
Bonneville_late,MCOL,2000,2001,320274,9.5,24,120,MCOL.2001,90,8,8
Bonneville_late,MCOL,2001,2002,109341,9.5,25,121,MCOL.2002,91,8,8
Bonneville_late,MCOL,2002,2003,111100,9.5,26,122,MCOL.2003,92,8,8
Bonneville_late,MCOL,2003,2004,105635,9.5,27,123,MCOL.2004,93,8,8
Bonneville_late,MCOL,2004,2005,112038,9.5,28,124,MCOL.2005,94,8,8
Bonneville_late,MCOL,2005,2006,107367,9,29,125,MCOL.2006,95,8,8
Bonneville_late,MCOL,2006,2007,97558,9.5,30,126,MCOL.2007,96,8,8
Bonneville_late,MCOL,2007,2008,103907,9.5,31,127,MCOL.2008,97,8,8
Bonneville_late,MCOL,2008,2009,55160,9,32,128,MCOL.2009,98,8,8
Bonneville_late,MCOL,2009,2010,52535,9,33,129,MCOL.2010,99,8,8
Bonneville_small,LCOL,1989,1990,52034,11,13,130,LCOL.1990,46,7,7
Bonneville_small,LCOL,1990,1991,50358,11,14,131,LCOL.1991,47,7,7
Bonneville_small,LCOL,1991,1992,106605,11,15,132,LCOL.1992,48,7,7
Bonneville_small,LCOL,1994,1995,80726,12,18,133,LCOL.1995,51,7,7
Bonneville_small,LCOL,2008,2009,163683,11,32,134,LCOL.2009,65,7,7
Bonneville_small,LCOL,2009,2010,169767,11,33,135,LCOL.2010,66,7,7
Chehalis,SGEO_S,1982,1983,143075,10.5,6,136,SGEO_S.1983,326,14,14
Chehalis,SGEO_S,1983,1984,193884,10.5,7,137,SGEO_S.1984,327,14,14
Chehalis,SGEO_S,1984,1985,132264,10,8,138,SGEO_S.1985,328,14,14
Chehalis,SGEO_S,1985,1986,201835,10,9,139,SGEO_S.1986,329,14,14
Chehalis,SGEO_S,1985,1987,38595,1,9,140,SGEO_S.1987,330,14,14
Chehalis,SGEO_S,1986,1987,204009,11.5,10,141,SGEO_S.1987,330,14,14
Chehalis,SGEO_S,1987,1988,132636,11,11,142,SGEO_S.1988,331,14,14
Chehalis,SGEO_S,1988,1989,79377,10,12,143,SGEO_S.1989,332,14,14
Chehalis,SGEO_S,1989,1990,93468,8,13,144,SGEO_S.1990,333,14,14
Chehalis,SGEO_S,1990,1991,102235,11.5,14,145,SGEO_S.1991,334,14,14
Chehalis,SGEO_S,1991,1992,106594,12,15,146,SGEO_S.1992,335,14,14
Chehalis,SGEO_S,1992,1993,142583,12,16,147,SGEO_S.1993,336,14,14
Chehalis,SGEO_S,1993,1994,148038,12,17,148,SGEO_S.1994,337,14,14
Chehalis,SGEO_S,1994,1995,148740,11.5,18,149,SGEO_S.1995,338,14,14
Chehalis,SGEO_S,1995,1996,141860,11,19,150,SGEO_S.1996,339,14,14
Chehalis,SGEO_S,1996,1997,93111,10.5,20,151,SGEO_S.1997,340,14,14
Chehalis,SGEO_S,1997,1998,137658,11,21,152,SGEO_S.1998,341,14,14
Chehalis,SGEO_S,1998,1999,150083,11,22,153,SGEO_S.1999,342,14,14
Chehalis,SGEO_S,1999,2000,95456,11,23,154,SGEO_S.2000,343,14,14
Chehalis,SGEO_S,2000,2001,100089,11,24,155,SGEO_S.2001,344,14,14
Chehalis,SGEO_S,2001,2002,102468,11,25,156,SGEO_S.2002,345,14,14
Chehalis,SGEO_S,2002,2003,100042,11,26,157,SGEO_S.2003,346,14,14
Chehalis,SGEO_S,2003,2004,114715,11,27,158,SGEO_S.2004,347,14,14
Chehalis,SGEO_S,2005,2006,102312,10,29,159,SGEO_S.2006,349,14,14
Chehalis,SGEO_S,2006,2007,205396,10.5,30,160,SGEO_S.2007,350,14,14
Chehalis,SGEO_S,2007,2008,208179,10,31,161,SGEO_S.2008,351,14,14
Chehalis,SGEO_S,2008,2009,195420,10,32,162,SGEO_S.2009,352,14,14
Chehalis,SGEO_S,2009,2010,213243,10,33,163,SGEO_S.2010,353,14,14
Chetco,SOR,1978,1979,27497,6,2,164,SOR.1979,385,3,3
Chetco,SOR,1979,1980,54938,6,3,165,SOR.1980,386,3,3
Chetco,SOR,1980,1981,55100,6,4,166,SOR.1981,387,3,3
Chetco,SOR,1981,1982,55198,6.5,5,167,SOR.1982,388,3,3
Chetco,SOR,1982,1983,30499,7,6,168,SOR.1983,389,3,3
Chetco,SOR,1983,1984,26570,6,7,169,SOR.1984,390,3,3
Chetco,SOR,1984,1985,26028,6,8,170,SOR.1985,391,3,3
Chetco,SOR,1986,1987,150125,8,10,171,SOR.1987,392,3,3
Chetco,SOR,1987,1988,26957,7,11,172,SOR.1988,393,3,3
Chetco,SOR,1988,1989,106921,6.5,12,173,SOR.1989,394,3,3
Chetco,SOR,1989,1990,78429,6.5,13,174,SOR.1990,395,3,3
Chetco,SOR,1990,1991,76396,6.5,14,175,SOR.1991,396,3,3
Chetco,SOR,1991,1992,68184,5.5,15,176,SOR.1992,397,3,3
Chetco,SOR,1992,1993,62728,5,16,177,SOR.1993,398,3,3
Chetco,SOR,1993,1994,76641,6.5,17,178,SOR.1994,399,3,3
Chetco,SOR,1994,1995,54055,6.5,18,179,SOR.1995,400,3,3
Chetco,SOR,1995,1996,45397,6.5,19,180,SOR.1996,401,3,3
Chetco,SOR,1996,1997,25050,7,20,181,SOR.1997,402,3,3
Chetco,SOR,1997,1998,26994,7,21,182,SOR.1998,403,3,3
Chetco,SOR,2000,2001,25587,7,24,183,SOR.2001,404,3,3
Chetco,SOR,2002,2003,26732,7,26,184,SOR.2003,405,3,3
Chetco,SOR,2003,2004,26331,7,27,185,SOR.2004,406,3,3
Chetco,SOR,2004,2005,27209,7,28,186,SOR.2005,407,3,3
Chetco,SOR,2005,2006,25091,7,29,187,SOR.2006,408,3,3
Chetco,SOR,2006,2007,26537,7,30,188,SOR.2007,409,3,3
Chilliwack,SGEO_S,1981,1982,74018,10,5,189,SGEO_S.1982,325,14,14
Chilliwack,SGEO_S,1982,1983,73504,10,6,190,SGEO_S.1983,326,14,14
Chilliwack,SGEO_S,1983,1984,76932,11,7,191,SGEO_S.1984,327,14,14
Chilliwack,SGEO_S,1984,1985,87474,10,8,192,SGEO_S.1985,328,14,14
Chilliwack,SGEO_S,1985,1986,36303,10,9,193,SGEO_S.1986,329,14,14
Chilliwack,SGEO_S,1987,1988,49911,11,11,194,SGEO_S.1988,331,14,14
Chilliwack,SGEO_S,1988,1989,50606,11,12,195,SGEO_S.1989,332,14,14
Chilliwack,SGEO_S,1989,1990,47179,11,13,196,SGEO_S.1990,333,14,14
Chilliwack,SGEO_S,1990,1991,48833,11,14,197,SGEO_S.1991,334,14,14
Chilliwack,SGEO_S,1991,1992,64081,11,15,198,SGEO_S.1992,335,14,14
Chilliwack,SGEO_S,1992,1993,97649,11,16,199,SGEO_S.1993,336,14,14
Chilliwack,SGEO_S,1993,1994,97427,11,17,200,SGEO_S.1994,337,14,14
Chilliwack,SGEO_S,1994,1995,146445,11,18,201,SGEO_S.1995,338,14,14
Chilliwack,SGEO_S,1995,1996,99020,11,19,202,SGEO_S.1996,339,14,14
Chilliwack,SGEO_S,1996,1997,129100,11,20,203,SGEO_S.1997,340,14,14
Chilliwack,SGEO_S,1997,1998,95079,11,21,204,SGEO_S.1998,341,14,14
Chilliwack,SGEO_S,1998,1999,98095,11,22,205,SGEO_S.1999,342,14,14
Chilliwack,SGEO_S,1999,2000,97903,11,23,206,SGEO_S.2000,343,14,14
Chilliwack,SGEO_S,2000,2001,99766,11,24,207,SGEO_S.2001,344,14,14
Chilliwack,SGEO_S,2001,2002,99171,11,25,208,SGEO_S.2002,345,14,14
Chilliwack,SGEO_S,2002,2003,100036,11,26,209,SGEO_S.2003,346,14,14
Chilliwack,SGEO_S,2003,2004,48242,11,27,210,SGEO_S.2004,347,14,14
Chilliwack,SGEO_S,2004,2005,100023,11,28,211,SGEO_S.2005,348,14,14
Chilliwack,SGEO_S,2005,2006,87801,11,29,212,SGEO_S.2006,349,14,14
Chilliwack,SGEO_S,2006,2007,95382,11,30,213,SGEO_S.2007,350,14,14
Chilliwack,SGEO_S,2007,2008,99465,11,31,214,SGEO_S.2008,351,14,14
Chilliwack,SGEO_S,2008,2009,99451,11,32,215,SGEO_S.2009,352,14,14
Chilliwack,SGEO_S,2009,2010,189707,11,33,216,SGEO_S.2010,353,14,14
Clearwater_late_large,SNAK,1995,1997,196237,1,19,217,SNAK.1997,371,9,9
Clearwater_late_large,SNAK,1996,1997,248905,10,20,218,SNAK.1997,371,9,9
Clearwater_late_large,SNAK,1996,1998,58986,1,20,219,SNAK.1998,372,9,9
Clearwater_late_large,SNAK,1997,1999,225980,1,21,220,SNAK.1999,373,9,9
Clearwater_late_large,SNAK,1998,2000,130032,1,22,221,SNAK.2000,374,9,9
Clearwater_late_large,SNAK,2000,2002,318172,1,24,222,SNAK.2002,376,9,9
Clearwater_late_large,SNAK,2001,2003,143666,1,25,223,SNAK.2003,377,9,9
Clearwater_late_large,SNAK,2005,2006,97763,11,29,224,SNAK.2006,380,9,9
Clearwater_late_large,SNAK,2005,2007,67891,1,29,225,SNAK.2007,381,9,9
Clearwater_late_large,SNAK,2006,2007,98546,11,30,226,SNAK.2007,381,9,9
Clearwater_late_large,SNAK,2006,2008,68199,1,30,227,SNAK.2008,382,9,9
Clearwater_late_large,SNAK,2007,2008,99367,11,31,228,SNAK.2008,382,9,9
Clearwater_late_large,SNAK,2007,2009,72770,1,31,229,SNAK.2009,383,9,9
Clearwater_late_large,SNAK,2008,2009,100093,11,32,230,SNAK.2009,383,9,9
Clearwater_late_large,SNAK,2008,2010,70043,1,32,231,SNAK.2010,384,9,9
Clearwater_late_large,SNAK,2009,2010,100461,11,33,232,SNAK.2010,384,9,9
Coleman,SFB,1980,1981,651733,13,4,233,SFB.1981,258,1,1
Coleman,SFB,1981,1982,780262,13.5,5,234,SFB.1982,259,1,1
Coleman,SFB,1982,1983,269816,10,6,235,SFB.1983,260,1,1
Coleman,SFB,1983,1984,669629,12,7,236,SFB.1984,261,1,1
Coleman,SFB,1984,1985,405584,13.5,8,237,SFB.1985,262,1,1
Coleman,SFB,1985,1986,261601,13.5,9,238,SFB.1986,263,1,1
Coleman,SFB,1986,1987,307569,12,10,239,SFB.1987,264,1,1
Coleman,SFB,1987,1988,305720,12.5,11,240,SFB.1988,265,1,1
Coleman,SFB,1988,1989,193972,11,12,241,SFB.1989,266,1,1
Coleman,SFB,1989,1990,207125,11,13,242,SFB.1990,267,1,1
Coleman,SFB,1990,1991,324015,12,14,243,SFB.1991,268,1,1
Coleman,SFB,1991,1992,461927,13,15,244,SFB.1992,269,1,1
Coleman,SFB,1992,1993,345463,12.5,16,245,SFB.1993,270,1,1
Coleman,SFB,1993,1994,263087,12.5,17,246,SFB.1994,271,1,1
Coleman,SFB,1994,1995,245609,12.5,18,247,SFB.1995,272,1,1
Coleman,SFB,1995,1996,872787,12.5,19,248,SFB.1996,273,1,1
Coleman,SFB,1996,1997,868462,11.5,20,249,SFB.1997,274,1,1
Coleman,SFB,1997,1998,915487,12.5,21,250,SFB.1998,275,1,1
Coleman,SFB,1998,1999,918316,13.5,22,251,SFB.1999,276,1,1
Coleman,SFB,1999,2000,1150151,13.5,23,252,SFB.2000,277,1,1
Coleman,SFB,2000,2001,1937031,13,24,253,SFB.2001,278,1,1
Coleman,SFB,2001,2002,2156133,13,25,254,SFB.2002,279,1,1
Coleman,SFB,2002,2003,197067,13.5,26,255,SFB.2003,280,1,1
Coleman,SFB,2003,2004,337915,13,27,256,SFB.2004,281,1,1
Coleman,SFB,2004,2005,144483,13.5,28,257,SFB.2005,282,1,1
Coleman,SFB,2006,2007,3228190,12.5,30,258,SFB.2007,284,1,1
Coleman,SFB,2007,2008,3313511,11.5,31,259,SFB.2008,285,1,1
Coleman,SFB,2008,2009,3500100,11.5,32,260,SFB.2009,286,1,1
Coleman,SFB,2009,2010,2879061,11.5,33,261,SFB.2010,287,1,1
Conuma,SWVI,1979,1980,76460,11,3,262,VI.1980,444,16,16
Conuma,SWVI,1980,1981,99653,11,4,263,VI.1981,445,16,16
Conuma,SWVI,1981,1982,64484,10,5,264,VI.1982,446,16,16
Conuma,SWVI,1982,1983,76438,10,6,265,VI.1983,447,16,16
Conuma,SWVI,1983,1984,99557,10.5,7,266,VI.1984,448,16,16
Conuma,SWVI,1984,1985,48774,10.5,8,267,VI.1985,449,16,16
Conuma,SWVI,1985,1986,103643,10.5,9,268,VI.1986,450,16,16
Conuma,SWVI,1986,1987,101749,11,10,269,VI.1987,451,16,16
Conuma,SWVI,1987,1988,82631,11,11,270,VI.1988,452,16,16
Conuma,SWVI,1988,1989,102585,10.5,12,271,VI.1989,453,16,16
Conuma,SWVI,1989,1990,105578,11,13,272,VI.1990,454,16,16
Conuma,SWVI,1990,1991,108279,11,14,273,VI.1991,455,16,16
Conuma,SWVI,1991,1992,50878,11,15,274,VI.1992,456,16,16
Conuma,SWVI,1993,1994,36037,11,17,275,VI.1994,458,16,16
Conuma,SWVI,1994,1995,39203,11,18,276,VI.1995,459,16,16
Conuma,SWVI,1995,1996,38412,10,19,277,VI.1996,460,16,16
Conuma,SWVI,1998,1999,34438,11,22,278,VI.1999,463,16,16
Conuma,SWVI,1999,2000,39007,11,23,279,VI.2000,464,16,16
Conuma,SWVI,2000,2001,41891,11,24,280,VI.2001,465,16,16
Conuma,SWVI,2001,2002,43851,11,25,281,VI.2002,466,16,16
Conuma,SWVI,2002,2003,42035,10,26,282,VI.2003,467,16,16
Cowichan,SGEO_S,1979,1980,63662,11,3,283,SGEO_S.1980,323,14,14
Cowichan,SGEO_S,1980,1981,52519,10,4,284,SGEO_S.1981,324,14,14
Cowichan,SGEO_S,1981,1982,30179,11,5,285,SGEO_S.1982,325,14,14
Cowichan,SGEO_S,1982,1983,49135,11,6,286,SGEO_S.1983,326,14,14
Cowichan,SGEO_S,1983,1984,50613,11,7,287,SGEO_S.1984,327,14,14
Cowichan,SGEO_S,1985,1986,62800,11,9,288,SGEO_S.1986,329,14,14
Cowichan,SGEO_S,1987,1988,304074,11.5,11,289,SGEO_S.1988,331,14,14
Cowichan,SGEO_S,1988,1989,313153,11.5,12,290,SGEO_S.1989,332,14,14
Cowichan,SGEO_S,1989,1990,324418,11.5,13,291,SGEO_S.1990,333,14,14
Cowichan,SGEO_S,1990,1991,289211,11,14,292,SGEO_S.1991,334,14,14
Cowichan,SGEO_S,1991,1992,216959,11.5,15,293,SGEO_S.1992,335,14,14
Cowichan,SGEO_S,1992,1993,214576,11.5,16,294,SGEO_S.1993,336,14,14
Cowichan,SGEO_S,1993,1994,200716,11.5,17,295,SGEO_S.1994,337,14,14
Cowichan,SGEO_S,1994,1995,199551,11,18,296,SGEO_S.1995,338,14,14
Cowichan,SGEO_S,1995,1996,200939,11.5,19,297,SGEO_S.1996,339,14,14
Cowichan,SGEO_S,1996,1997,201892,11.5,20,298,SGEO_S.1997,340,14,14
Cowichan,SGEO_S,1997,1998,200744,11.5,21,299,SGEO_S.1998,341,14,14
Cowichan,SGEO_S,1998,1999,200363,12,22,300,SGEO_S.1999,342,14,14
Cowichan,SGEO_S,1999,2000,199501,12,23,301,SGEO_S.2000,343,14,14
Cowichan,SGEO_S,2000,2001,200177,12,24,302,SGEO_S.2001,344,14,14
Cowichan,SGEO_S,2001,2002,200745,11.5,25,303,SGEO_S.2002,345,14,14
Cowichan,SGEO_S,2002,2003,200416,11.5,26,304,SGEO_S.2003,346,14,14
Cowichan,SGEO_S,2003,2004,200443,11.5,27,305,SGEO_S.2004,347,14,14
Cowichan,SGEO_S,2005,2006,200183,11.5,29,306,SGEO_S.2006,349,14,14
Cowichan,SGEO_S,2006,2007,200290,11,30,307,SGEO_S.2007,350,14,14
Cowichan,SGEO_S,2007,2008,408849,11.5,31,308,SGEO_S.2008,351,14,14
Cowichan,SGEO_S,2008,2009,666580,11,32,309,SGEO_S.2009,352,14,14
Cowichan,SGEO_S,2009,2010,420650,9,33,310,SGEO_S.2010,353,14,14
Cowlitz_large,LCOL,1977,1978,146001,10,1,311,LCOL.1978,34,7,7
Cowlitz_large,LCOL,1978,1979,154648,10,2,312,LCOL.1979,35,7,7
Cowlitz_large,LCOL,1979,1980,314741,10,3,313,LCOL.1980,36,7,7
Cowlitz_large,LCOL,1980,1981,153216,10,4,314,LCOL.1981,37,7,7
Cowlitz_large,LCOL,1981,1982,296258,8.5,5,315,LCOL.1982,38,7,7
Cowlitz_large,LCOL,1982,1983,296591,7.5,6,316,LCOL.1983,39,7,7
Cowlitz_large,LCOL,1983,1984,383635,8,7,317,LCOL.1984,40,7,7
Cowlitz_large,LCOL,1984,1985,384105,10,8,318,LCOL.1985,41,7,7
Cowlitz_large,LCOL,1985,1986,197500,11,9,319,LCOL.1986,42,7,7
Cowlitz_large,LCOL,1986,1987,207003,11,10,320,LCOL.1987,43,7,7
Cowlitz_large,LCOL,1987,1988,205308,10,11,321,LCOL.1988,44,7,7
Cowlitz_large,LCOL,1988,1989,206145,11,12,322,LCOL.1989,45,7,7
Cowlitz_large,LCOL,1989,1990,189406,11,13,323,LCOL.1990,46,7,7
Cowlitz_large,LCOL,1990,1991,207282,10,14,324,LCOL.1991,47,7,7
Cowlitz_large,LCOL,1991,1992,201409,11,15,325,LCOL.1992,48,7,7
Cowlitz_large,LCOL,1992,1993,194073,10,16,326,LCOL.1993,49,7,7
Cowlitz_large,LCOL,1993,1994,199353,10,17,327,LCOL.1994,50,7,7
Cowlitz_large,LCOL,1994,1995,202333,10.5,18,328,LCOL.1995,51,7,7
Cowlitz_large,LCOL,1995,1996,190074,10.5,19,329,LCOL.1996,52,7,7
Cowlitz_large,LCOL,1996,1997,202772,10,20,330,LCOL.1997,53,7,7
Cowlitz_large,LCOL,1997,1998,194840,11,21,331,LCOL.1998,54,7,7
Cowlitz_large,LCOL,1998,1999,354311,11,22,332,LCOL.1999,55,7,7
Cowlitz_large,LCOL,1999,2000,196806,10,23,333,LCOL.2000,56,7,7
Cowlitz_large,LCOL,2000,2001,196240,11,24,334,LCOL.2001,57,7,7
Cowlitz_large,LCOL,2001,2002,209732,10,25,335,LCOL.2002,58,7,7
Cowlitz_large,LCOL,2002,2003,200134,10,26,336,LCOL.2003,59,7,7
Cowlitz_large,LCOL,2003,2004,196682,10,27,337,LCOL.2004,60,7,7
Cowlitz_large,LCOL,2004,2005,193228,10,28,338,LCOL.2005,61,7,7
Cowlitz_large,LCOL,2005,2006,178376,10,29,339,LCOL.2006,62,7,7
Cowlitz_large,LCOL,2006,2007,201746,10,30,340,LCOL.2007,63,7,7
Cowlitz_large,LCOL,2007,2008,202953,10,31,341,LCOL.2008,64,7,7
Cowlitz_large,LCOL,2008,2009,199872,10,32,342,LCOL.2009,65,7,7
Cowlitz_large,LCOL,2009,2010,196409,10,33,343,LCOL.2010,66,7,7
Elk,COR,1977,1978,28636,5,1,344,COR.1978,1,4,4
Elk,COR,1978,1979,26978,6,2,345,COR.1979,2,4,4
Elk,COR,1979,1980,104114,6.5,3,346,COR.1980,3,4,4
Elk,COR,1980,1981,59708,6.5,4,347,COR.1981,4,4,4
Elk,COR,1981,1982,136989,6.5,5,348,COR.1982,5,4,4
Elk,COR,1982,1983,104671,6,6,349,COR.1983,6,4,4
Elk,COR,1983,1984,79358,6,7,350,COR.1984,7,4,4
Elk,COR,1984,1985,242215,6,8,351,COR.1985,8,4,4
Elk,COR,1985,1986,295873,7,9,352,COR.1986,9,4,4
Elk,COR,1986,1987,69582,6.5,10,353,COR.1987,10,4,4
Elk,COR,1987,1988,72819,7,11,354,COR.1988,11,4,4
Elk,COR,1988,1989,77584,7,12,355,COR.1989,12,4,4
Elk,COR,1989,1990,25861,6,13,356,COR.1990,13,4,4
Elk,COR,1990,1991,264790,6,14,357,COR.1991,14,4,4
Elk,COR,1991,1992,206862,6,15,358,COR.1992,15,4,4
Elk,COR,1992,1993,266112,5,16,359,COR.1993,16,4,4
Elk,COR,1993,1994,210634,6,17,360,COR.1994,17,4,4
Elk,COR,1994,1995,194243,7,18,361,COR.1995,18,4,4
Elk,COR,1995,1996,174479,7,19,362,COR.1996,19,4,4
Elk,COR,1996,1997,175967,8,20,363,COR.1997,20,4,4
Elk,COR,1997,1998,189194,6,21,364,COR.1998,21,4,4
Elk,COR,1998,1999,193648,6,22,365,COR.1999,22,4,4
Elk,COR,1999,2000,198538,6,23,366,COR.2000,23,4,4
Elk,COR,2000,2001,198756,8,24,367,COR.2001,24,4,4
Elk,COR,2001,2002,207703,7,25,368,COR.2002,25,4,4
Elk,COR,2002,2003,207234,5,26,369,COR.2003,26,4,4
Elk,COR,2003,2004,204138,6,27,370,COR.2004,27,4,4
Elk,COR,2004,2005,222789,6,28,371,COR.2005,28,4,4
Elk,COR,2005,2006,189177,5,29,372,COR.2006,29,4,4
Elk,COR,2006,2007,107551,6.5,30,373,COR.2007,30,4,4
Elk,COR,2007,2008,53022,7,31,374,COR.2008,31,4,4
Elk,COR,2008,2009,27182,5,32,375,COR.2009,32,4,4
Elk,COR,2009,2010,212149,6,33,376,COR.2010,33,4,4
Elochoman_small,LCOL,1977,1978,147978,10,1,377,LCOL.1978,34,7,7
Elochoman_small,LCOL,1978,1979,138959,10,2,378,LCOL.1979,35,7,7
Elochoman_small,LCOL,1981,1982,50632,10,5,379,LCOL.1982,38,7,7
Elochoman_small,LCOL,1985,1986,195960,11,9,380,LCOL.1986,42,7,7
Elochoman_small,LCOL,1988,1989,229458,10.5,12,381,LCOL.1989,45,7,7
Elochoman_small,LCOL,1991,1992,89435,10,15,382,LCOL.1992,48,7,7
Elochoman_small,LCOL,1992,1993,182522,10,16,383,LCOL.1993,49,7,7
Elochoman_small,LCOL,1993,1994,173864,9.5,17,384,LCOL.1994,50,7,7
Elochoman_small,LCOL,1994,1995,118416,10.5,18,385,LCOL.1995,51,7,7
Elochoman_small,LCOL,1995,1996,99177,10,19,386,LCOL.1996,52,7,7
Elochoman_small,LCOL,1996,1997,167882,10,20,387,LCOL.1997,53,7,7
Elochoman_small,LCOL,1997,1998,177377,10,21,388,LCOL.1998,54,7,7
Elochoman_small,LCOL,1998,1999,87394,10,22,389,LCOL.1999,55,7,7
Elochoman_small,LCOL,1999,2000,86830,10,23,390,LCOL.2000,56,7,7
Elochoman_small,LCOL,2000,2001,92714,10,24,391,LCOL.2001,57,7,7
Elochoman_small,LCOL,2001,2002,91638,10,25,392,LCOL.2002,58,7,7
Elochoman_small,LCOL,2002,2003,87849,10,26,393,LCOL.2003,59,7,7
Elochoman_small,LCOL,2003,2004,86501,11,27,394,LCOL.2004,60,7,7
Elochoman_small,LCOL,2004,2005,88776,10,28,395,LCOL.2005,61,7,7
Elochoman_small,LCOL,2005,2006,87294,10,29,396,LCOL.2006,62,7,7
Elochoman_small,LCOL,2006,2007,84521,10,30,397,LCOL.2007,63,7,7
Elochoman_small,LCOL,2007,2008,90474,10,31,398,LCOL.2008,64,7,7
Elwha,PUSO_N,1978,1979,42386,8,2,399,PUSO_N.1979,164,13,13
Elwha,PUSO_N,1979,1980,39629,8,3,400,PUSO_N.1980,165,13,13
Elwha,PUSO_N,1980,1981,64671,8,4,401,PUSO_N.1981,166,13,13
Elwha,PUSO_N,1981,1982,52415,9,5,402,PUSO_N.1982,167,13,13
Elwha,PUSO_N,1982,1983,155747,8.5,6,403,PUSO_N.1983,168,13,13
Elwha,PUSO_N,1982,1984,44793,1,6,404,PUSO_N.1984,169,13,13
Elwha,PUSO_N,1983,1984,151821,9,7,405,PUSO_N.1984,169,13,13
Elwha,PUSO_N,1983,1985,50321,1,7,406,PUSO_N.1985,170,13,13
Elwha,PUSO_N,1984,1985,155545,9,8,407,PUSO_N.1985,170,13,13
Elwha,PUSO_N,1984,1986,49843,1,8,408,PUSO_N.1986,171,13,13
Elwha,PUSO_N,1985,1986,147443,9.5,9,409,PUSO_N.1986,171,13,13
Elwha,PUSO_N,1992,1994,44448,1,16,410,PUSO_N.1994,179,13,13
Elwha,PUSO_N,1993,1994,198079,10,17,411,PUSO_N.1994,179,13,13
Elwha,PUSO_N,1994,1995,177717,10,18,412,PUSO_N.1995,180,13,13
Fallert,LCOL,1979,1980,144535,10,3,413,LCOL.1980,36,7,7
Fallert,LCOL,1980,1981,155331,10,4,414,LCOL.1981,37,7,7
Fallert,LCOL,1992,1993,91005,10,16,415,LCOL.1993,49,7,7
Fallert,LCOL,1993,1994,91323,10,17,416,LCOL.1994,50,7,7
Fallert,LCOL,1994,1995,87344,11,18,417,LCOL.1995,51,7,7
Fallert,LCOL,1995,1996,88876,10,19,418,LCOL.1996,52,7,7
Fallert,LCOL,1996,1997,87943,10,20,419,LCOL.1997,53,7,7
Fallert,LCOL,1997,1998,88974,10,21,420,LCOL.1998,54,7,7
Fallert,LCOL,1998,1999,85949,10,22,421,LCOL.1999,55,7,7
Fallert,LCOL,1999,2000,80897,10,23,422,LCOL.2000,56,7,7
Fallert,LCOL,2000,2001,94418,10,24,423,LCOL.2001,57,7,7
Fallert,LCOL,2001,2002,89919,10,25,424,LCOL.2002,58,7,7
Fallert,LCOL,2002,2003,89952,10,26,425,LCOL.2003,59,7,7
Fallert,LCOL,2003,2004,85347,10,27,426,LCOL.2004,60,7,7
Fallert,LCOL,2004,2005,85942,10,28,427,LCOL.2005,61,7,7
Fallert,LCOL,2005,2006,91443,10,29,428,LCOL.2006,62,7,7
Fallert,LCOL,2006,2007,85712,9,30,429,LCOL.2007,63,7,7
Fallert,LCOL,2007,2008,90250,9,31,430,LCOL.2008,64,7,7
Fallert,LCOL,2008,2009,90052,9,32,431,LCOL.2009,65,7,7
Fallert,LCOL,2009,2010,88760,10,33,432,LCOL.2010,66,7,7
Feather,SFB,1977,1978,603017,9,1,433,SFB.1978,255,1,1
Feather,SFB,1978,1979,603666,8,2,434,SFB.1979,256,1,1
Feather,SFB,1979,1980,759146,7,3,435,SFB.1980,257,1,1
Feather,SFB,1980,1981,641783,7,4,436,SFB.1981,258,1,1
Feather,SFB,1981,1982,455110,9,5,437,SFB.1982,259,1,1
Feather,SFB,1982,1983,1214926,8.5,6,438,SFB.1983,260,1,1
Feather,SFB,1983,1984,40185,10,7,439,SFB.1984,261,1,1
Feather,SFB,1984,1985,753188,10,8,440,SFB.1985,262,1,1
Feather,SFB,1985,1986,789471,9.5,9,441,SFB.1986,263,1,1
Feather,SFB,1986,1987,442071,11,10,442,SFB.1987,264,1,1
Feather,SFB,1987,1988,1037722,10.5,11,443,SFB.1988,265,1,1
Feather,SFB,1988,1989,1009915,10.5,12,444,SFB.1989,266,1,1
Feather,SFB,1989,1990,774681,11.5,13,445,SFB.1990,267,1,1
Feather,SFB,1990,1991,799260,11.5,14,446,SFB.1991,268,1,1
Feather,SFB,1991,1992,986627,11.5,15,447,SFB.1992,269,1,1
Feather,SFB,1992,1993,1032430,11.5,16,448,SFB.1993,270,1,1
Feather,SFB,1993,1994,1751295,10.5,17,449,SFB.1994,271,1,1
Feather,SFB,1994,1995,1978118,11,18,450,SFB.1995,272,1,1
Feather,SFB,1995,1996,2404383,10.5,19,451,SFB.1996,273,1,1
Feather,SFB,1996,1997,1170504,10.5,20,452,SFB.1997,274,1,1
Feather,SFB,1997,1998,63296,14,21,453,SFB.1998,275,1,1
Feather,SFB,1998,1999,1750765,12,22,454,SFB.1999,276,1,1
Feather,SFB,1999,2000,902640,13.5,23,455,SFB.2000,277,1,1
Feather,SFB,2000,2001,1127553,13,24,456,SFB.2001,278,1,1
Feather,SFB,2001,2002,1962528,13,25,457,SFB.2002,279,1,1
Feather,SFB,2002,2003,1715120,12.5,26,458,SFB.2003,280,1,1
Feather,SFB,2003,2004,1105408,12.5,27,459,SFB.2004,281,1,1
Feather,SFB,2004,2005,1730791,12.5,28,460,SFB.2005,282,1,1
Feather,SFB,2005,2006,1583513,12.5,29,461,SFB.2006,283,1,1
Feather,SFB,2006,2007,3053049,12.5,30,462,SFB.2007,284,1,1
Feather,SFB,2007,2008,3274876,13,31,463,SFB.2008,285,1,1
Feather,SFB,2008,2009,2236730,13,32,464,SFB.2009,286,1,1
Feather,SFB,2009,2010,2704983,12.5,33,465,SFB.2010,287,1,1
Forks,WAC,1996,1997,183387,10,20,466,WAC.1997,493,11,11
Forks,WAC,1997,1998,199531,10,21,467,WAC.1998,494,11,11
Forks,WAC,1998,1999,242762,10,22,468,WAC.1999,495,11,11
Forks,WAC,1999,2000,204325,11,23,469,WAC.2000,496,11,11
Forks,WAC,2003,2004,192238,11,27,470,WAC.2004,500,11,11
Forks,WAC,2004,2005,194111,11,28,471,WAC.2005,501,11,11
Forks,WAC,2005,2006,202922,11,29,472,WAC.2006,502,11,11
Forks,WAC,2006,2007,199782,11,30,473,WAC.2007,503,11,11
Forks,WAC,2007,2008,201838,10,31,474,WAC.2008,504,11,11
Forks,WAC,2008,2009,197835,10,32,475,WAC.2009,505,11,11
Forks,WAC,2009,2010,198941,10,33,476,WAC.2010,506,11,11
Garrison-Chambers,PUSO_S,1987,1988,437885,11.5,11,477,PUSO_S.1988,204,12,12
Garrison-Chambers,PUSO_S,1989,1990,156016,11.5,13,478,PUSO_S.1990,206,12,12
Garrison-Chambers,PUSO_S,1990,1991,149650,11,14,479,PUSO_S.1991,207,12,12
Garrison-Chambers,PUSO_S,1991,1992,146639,11,15,480,PUSO_S.1992,208,12,12
Garrison-Chambers,PUSO_S,2002,2003,183460,11,26,481,PUSO_S.2003,219,12,12
Garrison-Chambers,PUSO_S,2003,2004,312151,10,27,482,PUSO_S.2004,220,12,12
Garrison-Chambers,PUSO_S,2004,2005,342947,10,28,483,PUSO_S.2005,221,12,12
Garrison-Chambers,PUSO_S,2005,2006,121787,8.5,29,484,PUSO_S.2006,222,12,12
Garrison-Chambers,PUSO_S,2006,2007,195756,8.5,30,485,PUSO_S.2007,223,12,12
Garrison-Chambers,PUSO_S,2007,2008,195477,8.5,31,486,PUSO_S.2008,224,12,12
Garrison-Chambers,PUSO_S,2008,2009,190490,12,32,487,PUSO_S.2009,225,12,12
Garrison-Chambers,PUSO_S,2009,2010,185030,11,33,488,PUSO_S.2010,226,12,12
Grays_large,LCOL,1977,1978,143182,11,1,489,LCOL.1978,34,7,7
Grays_large,LCOL,1978,1979,241980,10,2,490,LCOL.1979,35,7,7
Grays_large,LCOL,1979,1980,37456,10,3,491,LCOL.1980,36,7,7
Grays_large,LCOL,1982,1983,97135,10,6,492,LCOL.1983,39,7,7
Grays_large,LCOL,1984,1985,205604,8,8,493,LCOL.1985,41,7,7
Grays_large,LCOL,1985,1986,100509,11,9,494,LCOL.1986,42,7,7
Grays_large,LCOL,1989,1990,266704,10,13,495,LCOL.1990,46,7,7
Grays_large,LCOL,1990,1991,262593,9.5,14,496,LCOL.1991,47,7,7
Grays_large,LCOL,1993,1994,52616,7,17,497,LCOL.1994,50,7,7
Grays_small,LCOL,1980,1981,74276,10,4,498,LCOL.1981,37,7,7
Grays_small,LCOL,1981,1982,72821,10,5,499,LCOL.1982,38,7,7
Grays_small,LCOL,1985,1986,266031,11,9,500,LCOL.1986,42,7,7
Grays_small,LCOL,1988,1989,98541,10,12,501,LCOL.1989,45,7,7
Grays_small,LCOL,1991,1992,266664,10.5,15,502,LCOL.1992,48,7,7
Grovers,PUSO_S,1982,1983,45284,11,6,503,PUSO_S.1983,199,12,12
Grovers,PUSO_S,1983,1984,40324,11,7,504,PUSO_S.1984,200,12,12
Grovers,PUSO_S,1984,1985,45907,11,8,505,PUSO_S.1985,201,12,12
Grovers,PUSO_S,1985,1986,207155,11,9,506,PUSO_S.1986,202,12,12
Grovers,PUSO_S,1986,1987,187757,12,10,507,PUSO_S.1987,203,12,12
Grovers,PUSO_S,1987,1988,193906,11,11,508,PUSO_S.1988,204,12,12
Grovers,PUSO_S,1989,1990,187640,11,13,509,PUSO_S.1990,206,12,12
Grovers,PUSO_S,1990,1991,193496,11,14,510,PUSO_S.1991,207,12,12
Grovers,PUSO_S,1991,1992,174949,12,15,511,PUSO_S.1992,208,12,12
Grovers,PUSO_S,1992,1993,186072,11,16,512,PUSO_S.1993,209,12,12
Grovers,PUSO_S,1993,1994,203168,12,17,513,PUSO_S.1994,210,12,12
Grovers,PUSO_S,1994,1995,203202,11,18,514,PUSO_S.1995,211,12,12
Grovers,PUSO_S,1995,1996,201187,11,19,515,PUSO_S.1996,212,12,12
Grovers,PUSO_S,1996,1997,201607,12,20,516,PUSO_S.1997,213,12,12
Grovers,PUSO_S,1997,1998,186612,12,21,517,PUSO_S.1998,214,12,12
Grovers,PUSO_S,1998,1999,198868,12,22,518,PUSO_S.1999,215,12,12
Grovers,PUSO_S,1999,2000,181132,12,23,519,PUSO_S.2000,216,12,12
Grovers,PUSO_S,2000,2001,203754,11,24,520,PUSO_S.2001,217,12,12
Grovers,PUSO_S,2001,2002,203509,11,25,521,PUSO_S.2002,218,12,12
Grovers,PUSO_S,2002,2003,198987,11,26,522,PUSO_S.2003,219,12,12
Grovers,PUSO_S,2003,2004,163799,11,27,523,PUSO_S.2004,220,12,12
Grovers,PUSO_S,2004,2005,118197,11,28,524,PUSO_S.2005,221,12,12
Grovers,PUSO_S,2005,2006,136519,10,29,525,PUSO_S.2006,222,12,12
Grovers,PUSO_S,2006,2007,185975,12,30,526,PUSO_S.2007,223,12,12
Grovers,PUSO_S,2007,2008,199251,11,31,527,PUSO_S.2008,224,12,12
Grovers,PUSO_S,2008,2009,186978,11,32,528,PUSO_S.2009,225,12,12
Grovers,PUSO_S,2009,2010,200431,11,33,529,PUSO_S.2010,226,12,12
Hagerman,SNAK,1978,1979,95000,11,2,530,SNAK.1979,354,9,9
Hagerman,SNAK,1979,1980,114100,10.5,3,531,SNAK.1980,355,9,9
Hagerman,SNAK,1980,1981,111100,11,4,532,SNAK.1981,356,9,9
Hagerman,SNAK,1981,1982,158725,10,5,533,SNAK.1982,357,9,9
Hagerman,SNAK,1983,1984,59300,10,7,534,SNAK.1984,358,9,9
Hagerman,SNAK,1984,1985,54425,10,8,535,SNAK.1985,359,9,9
HoodCanal,PUSO_S,1978,1979,37439,11,2,536,PUSO_S.1979,195,12,12
HoodCanal,PUSO_S,1979,1980,73387,12,3,537,PUSO_S.1980,196,12,12
HoodCanal,PUSO_S,1980,1981,94902,11.5,4,538,PUSO_S.1981,197,12,12
HoodCanal,PUSO_S,1981,1982,73550,11,5,539,PUSO_S.1982,198,12,12
HoodCanal,PUSO_S,1985,1986,211657,11,9,540,PUSO_S.1986,202,12,12
HoodCanal,PUSO_S,1986,1987,210674,11,10,541,PUSO_S.1987,203,12,12
HoodCanal,PUSO_S,1987,1988,198497,11,11,542,PUSO_S.1988,204,12,12
HoodCanal,PUSO_S,1988,1989,206049,11,12,543,PUSO_S.1989,205,12,12
HoodCanal,PUSO_S,1989,1990,200894,11,13,544,PUSO_S.1990,206,12,12
HoodCanal,PUSO_S,1990,1991,201867,10,14,545,PUSO_S.1991,207,12,12
HoodCanal,PUSO_S,1991,1992,220531,10.5,15,546,PUSO_S.1992,208,12,12
HoodCanal,PUSO_S,1993,1994,223417,10,17,547,PUSO_S.1994,210,12,12
HoodCanal,PUSO_S,1994,1995,226459,10,18,548,PUSO_S.1995,211,12,12
HoodCanal,PUSO_S,1995,1996,214138,11,19,549,PUSO_S.1996,212,12,12
HoodCanal,PUSO_S,1996,1997,217324,11,20,550,PUSO_S.1997,213,12,12
HoodCanal,PUSO_S,1997,1998,222776,11,21,551,PUSO_S.1998,214,12,12
HoodCanal,PUSO_S,1998,1999,223336,11,22,552,PUSO_S.1999,215,12,12
HoodCanal,PUSO_S,1999,2000,208330,11,23,553,PUSO_S.2000,216,12,12
HoodCanal,PUSO_S,2000,2001,223009,11,24,554,PUSO_S.2001,217,12,12
HoodCanal,PUSO_S,2001,2002,223933,11,25,555,PUSO_S.2002,218,12,12
HoodCanal,PUSO_S,2002,2003,418258,11,26,556,PUSO_S.2003,219,12,12
HoodCanal,PUSO_S,2003,2004,224905,11,27,557,PUSO_S.2004,220,12,12
HoodCanal,PUSO_S,2004,2005,224882,11,28,558,PUSO_S.2005,221,12,12
HoodCanal,PUSO_S,2005,2006,225216,11,29,559,PUSO_S.2006,222,12,12
HoodCanal,PUSO_S,2006,2007,215124,11,30,560,PUSO_S.2007,223,12,12
HoodCanal,PUSO_S,2007,2008,219881,11,31,561,PUSO_S.2008,224,12,12
HoodCanal,PUSO_S,2008,2009,226984,11,32,562,PUSO_S.2009,225,12,12
HoodCanal,PUSO_S,2009,2010,227151,11,33,563,PUSO_S.2010,226,12,12
Humptulips,WAC,1982,1983,112592,10,6,564,WAC.1983,479,11,11
Humptulips,WAC,1984,1985,175897,10,8,565,WAC.1985,481,11,11
Humptulips,WAC,1985,1986,215738,9,9,566,WAC.1986,482,11,11
Humptulips,WAC,1986,1987,201468,9,10,567,WAC.1987,483,11,11
Humptulips,WAC,1987,1988,209254,10,11,568,WAC.1988,484,11,11
Humptulips,WAC,1988,1989,206735,9,12,569,WAC.1989,485,11,11
Humptulips,WAC,1989,1990,203892,9,13,570,WAC.1990,486,11,11
Humptulips,WAC,1990,1991,207589,9,14,571,WAC.1991,487,11,11
Humptulips,WAC,2003,2004,196605,11,27,572,WAC.2004,500,11,11
Humptulips,WAC,2004,2005,180029,10,28,573,WAC.2005,501,11,11
Humptulips,WAC,2005,2006,236285,10,29,574,WAC.2006,502,11,11
Humptulips,WAC,2006,2007,198689,10,30,575,WAC.2007,503,11,11
Irongate,NCA,1978,1979,190680,5,2,576,NCA.1979,101,2,2
Irongate,NCA,1979,1980,371420,7.5,3,577,NCA.1980,102,2,2
Irongate,NCA,1980,1981,342783,10,4,578,NCA.1981,103,2,2
Irongate,NCA,1981,1982,280844,7.5,5,579,NCA.1982,104,2,2
Irongate,NCA,1982,1983,449062,7.5,6,580,NCA.1983,105,2,2
Irongate,NCA,1983,1984,478576,7.5,7,581,NCA.1984,106,2,2
Irongate,NCA,1984,1985,403985,6,8,582,NCA.1985,107,2,2
Irongate,NCA,1985,1986,267095,7.5,9,583,NCA.1986,108,2,2
Irongate,NCA,1986,1987,121570,5,10,584,NCA.1987,109,2,2
Irongate,NCA,1987,1988,253380,8,11,585,NCA.1988,110,2,2
Irongate,NCA,1988,1989,388612,10,12,586,NCA.1989,111,2,2
Irongate,NCA,1990,1991,284475,8,14,587,NCA.1991,113,2,2
Irongate,NCA,1991,1992,280176,7.5,15,588,NCA.1992,114,2,2
Irongate,NCA,1992,1993,259488,7.5,16,589,NCA.1993,115,2,2
Irongate,NCA,1993,1994,286661,10,17,590,NCA.1994,116,2,2
Irongate,NCA,1994,1995,281208,7.5,18,591,NCA.1995,117,2,2
Irongate,NCA,1995,1996,284971,7.5,19,592,NCA.1996,118,2,2
Irongate,NCA,1996,1997,292044,7.5,20,593,NCA.1997,119,2,2
Irongate,NCA,1997,1998,193161,10,21,594,NCA.1998,120,2,2
Irongate,NCA,1998,1999,187603,10,22,595,NCA.1999,121,2,2
Irongate,NCA,1999,2000,273351,7.5,23,596,NCA.2000,122,2,2
Irongate,NCA,2000,2001,288119,8,24,597,NCA.2001,123,2,2
Irongate,NCA,2001,2002,290794,8,25,598,NCA.2002,124,2,2
Irongate,NCA,2002,2003,319824,10,26,599,NCA.2003,125,2,2
Irongate,NCA,2003,2004,310480,10,27,600,NCA.2004,126,2,2
Irongate,NCA,2004,2005,304702,10,28,601,NCA.2005,127,2,2
Irongate,NCA,2006,2007,412966,8,30,602,NCA.2007,129,2,2
Irongate,NCA,2007,2008,411053,10,31,603,NCA.2008,130,2,2
Irongate,NCA,2008,2009,1178478,10,32,604,NCA.2009,131,2,2
Irongate,NCA,2009,2010,1332310,7.5,33,605,NCA.2010,132,2,2
Irrigon_large,MCOL,1984,1986,88396,1,8,606,MCOL.1986,75,8,8
Irrigon_large,MCOL,1985,1986,209145,10,9,607,MCOL.1986,75,8,8
Irrigon_large,MCOL,1986,1987,121076,11,10,608,MCOL.1987,76,8,8
Irrigon_large,MCOL,1987,1988,198285,11,11,609,MCOL.1988,77,8,8
Irrigon_large,MCOL,1988,1989,307492,8.5,12,610,MCOL.1989,78,8,8
Irrigon_large,MCOL,1989,1990,295896,8.5,13,611,MCOL.1990,79,8,8
Irrigon_large,MCOL,1990,1991,503151,11,14,612,MCOL.1991,80,8,8
Issaquah,PUSO_S,1979,1980,120515,11,3,613,PUSO_S.1980,196,12,12
Issaquah,PUSO_S,1980,1981,141583,12,4,614,PUSO_S.1981,197,12,12
Issaquah,PUSO_S,1981,1982,158198,11,5,615,PUSO_S.1982,198,12,12
Issaquah,PUSO_S,1985,1986,207138,11,9,616,PUSO_S.1986,202,12,12
Issaquah,PUSO_S,1986,1987,205311,12,10,617,PUSO_S.1987,203,12,12
Issaquah,PUSO_S,2002,2003,199773,11,26,618,PUSO_S.2003,219,12,12
Issaquah,PUSO_S,2003,2004,190548,11,27,619,PUSO_S.2004,220,12,12
Issaquah,PUSO_S,2004,2005,201951,10,28,620,PUSO_S.2005,221,12,12
Issaquah,PUSO_S,2005,2006,199341,10,29,621,PUSO_S.2006,222,12,12
Issaquah,PUSO_S,2006,2007,197300,11,30,622,PUSO_S.2007,223,12,12
Kalama,LCOL,1977,1978,291416,8,1,623,LCOL.1978,34,7,7
Kalama,LCOL,1978,1979,214503,10,2,624,LCOL.1979,35,7,7
Kalama,LCOL,1979,1980,100355,10,3,625,LCOL.1980,36,7,7
Kalama,LCOL,1980,1981,175370,11,4,626,LCOL.1981,37,7,7
Kalama,LCOL,1981,1982,177112,10,5,627,LCOL.1982,38,7,7
Kalama,LCOL,1988,1989,232035,9,12,628,LCOL.1989,45,7,7
Kalama,LCOL,1992,1993,91519,10,16,629,LCOL.1993,49,7,7
Kalama,LCOL,1993,1994,92630,10,17,630,LCOL.1994,50,7,7
Kalama,LCOL,1995,1996,85331,11,19,631,LCOL.1996,52,7,7
Kalama,LCOL,1996,1997,89021,10,20,632,LCOL.1997,53,7,7
Kalama,LCOL,1997,1998,92789,10,21,633,LCOL.1998,54,7,7
Kalama,LCOL,1998,1999,87729,10,22,634,LCOL.1999,55,7,7
Kalama,LCOL,1999,2000,91883,10,23,635,LCOL.2000,56,7,7
Kalama,LCOL,2000,2001,92800,10,24,636,LCOL.2001,57,7,7
Kalama,LCOL,2001,2002,89776,10,25,637,LCOL.2002,58,7,7
Kalama,LCOL,2002,2003,82761,10,26,638,LCOL.2003,59,7,7
Kalama,LCOL,2003,2004,87349,10,27,639,LCOL.2004,60,7,7
Kalama,LCOL,2004,2005,90305,10,28,640,LCOL.2005,61,7,7
Kalama,LCOL,2005,2006,91240,9,29,641,LCOL.2006,62,7,7
Kalama,LCOL,2006,2007,92009,10,30,642,LCOL.2007,63,7,7
Kalama,LCOL,2007,2008,80785,10,31,643,LCOL.2008,64,7,7
Kalama,LCOL,2008,2009,90574,9,32,644,LCOL.2009,65,7,7
Kalama,LCOL,2009,2010,89286,9,33,645,LCOL.2010,66,7,7
Klaskanine_large,SAB,1984,1985,49936,8,8,646,SAB.1985,229,6,6
Klaskanine_large,SAB,1985,1986,30069,9,9,647,SAB.1986,230,6,6
Klaskanine_large,SAB,1987,1988,26481,8,11,648,SAB.1988,232,6,6
Klaskanine_large,SAB,1996,1997,27222,6,20,649,SAB.1997,241,6,6
Klaskanine_large,SAB,1997,1998,53272,6,21,650,SAB.1998,242,6,6
Klaskanine_large,SAB,1998,1999,51101,6,22,651,SAB.1999,243,6,6
Klaskanine_large,SAB,2000,2001,53898,7.5,24,652,SAB.2001,245,6,6
Klaskanine_large,SAB,2004,2005,27530,9,28,653,SAB.2005,249,6,6
Klaskanine_large,SAB,2005,2006,50153,9,29,654,SAB.2006,250,6,6
Klaskanine_large,SAB,2006,2007,26981,10,30,655,SAB.2007,251,6,6
Klaskanine_large,SAB,2007,2008,29903,9,31,656,SAB.2008,252,6,6
Klaskanine_large,SAB,2008,2009,27835,9,32,657,SAB.2009,253,6,6
Klaskanine_large,SAB,2009,2010,27289,9,33,658,SAB.2010,254,6,6
Klaskanine_small,LCOL,1978,1979,244076,11,2,659,LCOL.1979,35,7,7
Klaskanine_small,LCOL,1979,1980,66331,10,3,660,LCOL.1980,36,7,7
Klaskanine_small,LCOL,1980,1981,174250,11,4,661,LCOL.1981,37,7,7
Klaskanine_small,LCOL,1981,1982,213816,10.5,5,662,LCOL.1982,38,7,7
Klaskanine_small,LCOL,1982,1983,105139,11,6,663,LCOL.1983,39,7,7
Klaskanine_small,LCOL,1983,1984,106911,11,7,664,LCOL.1984,40,7,7
Klaskanine_small,LCOL,1984,1985,101415,11,8,665,LCOL.1985,41,7,7
Klaskanine_small,LCOL,1985,1986,99043,11,9,666,LCOL.1986,42,7,7
Klaskanine_small,LCOL,1986,1987,330632,11.5,10,667,LCOL.1987,43,7,7
Klaskanine_small,LCOL,1987,1988,343206,11.5,11,668,LCOL.1988,44,7,7
Klaskanine_small,LCOL,1988,1989,209187,11.5,12,669,LCOL.1989,45,7,7
Klaskanine_small,LCOL,1989,1990,108321,11,13,670,LCOL.1990,46,7,7
Klaskanine_small,LCOL,2009,2010,52298,11,33,671,LCOL.2010,66,7,7
Klickitat_late_small,MCOL,2008,2009,553031,10,32,672,MCOL.2009,98,8,8
Klickitat_late_small,MCOL,2009,2010,552253,9,33,673,MCOL.2010,99,8,8
Klickitat_small,MCOL,1997,1998,401330,10,21,674,MCOL.1998,87,8,8
Klickitat_small,MCOL,1998,1999,391938,10,22,675,MCOL.1999,88,8,8
Klickitat_small,MCOL,1999,2000,412390,10.5,23,676,MCOL.2000,89,8,8
Klickitat_small,MCOL,2000,2001,211700,11,24,677,MCOL.2001,90,8,8
Klickitat_small_Priest,URB,1994,1995,197393,10.5,18,678,URB.1995,426,10,10
Klickitat_small_Priest,URB,1996,1997,195191,11,20,679,URB.1997,428,10,10
Klickitat_small_Priest,URB,1997,1998,1532147,10.5,21,680,URB.1998,429,10,10
Klickitat_small_Priest,URB,1998,1999,195519,10,22,681,URB.1999,430,10,10
Klickitat_small_Priest,URB,1999,2000,184900,10,23,682,URB.2000,431,10,10
Klickitat_small_Priest,URB,2000,2001,198527,11,24,683,URB.2001,432,10,10
Klickitat_small_Priest,URB,2001,2002,192350,9.5,25,684,URB.2002,433,10,10
Klickitat_small_Priest,URB,2002,2003,206961,10,26,685,URB.2003,434,10,10
Klickitat_small_Priest,URB,2003,2004,627853,9.5,27,686,URB.2004,435,10,10
Klickitat_small_Priest,URB,2004,2005,631422,10,28,687,URB.2005,436,10,10
Lyons_large,SNAK,1993,1995,347569,1,17,688,SNAK.1995,369,9,9
Lyons_large,SNAK,1994,1996,403464,1,18,689,SNAK.1996,370,9,9
Lyons_large,SNAK,1995,1997,435613,1,19,690,SNAK.1997,371,9,9
Lyons_large,SNAK,1996,1998,408328,1,20,691,SNAK.1998,372,9,9
Lyons_large,SNAK,1997,1999,423772,1,21,692,SNAK.1999,373,9,9
Lyons_large,SNAK,1998,1999,198594,10,22,693,SNAK.1999,373,9,9
Lyons_large,SNAK,1998,2000,441687,1,22,694,SNAK.2000,374,9,9
Lyons_large,SNAK,1999,2000,188128,12,23,695,SNAK.2000,374,9,9
Lyons_large,SNAK,1999,2001,326680,1,23,696,SNAK.2001,375,9,9
Lyons_large,SNAK,2000,2001,188157,10,24,697,SNAK.2001,375,9,9
Lyons_large,SNAK,2000,2002,421390,1,24,698,SNAK.2002,376,9,9
Lyons_large,SNAK,2001,2002,188874,10,25,699,SNAK.2002,376,9,9
Lyons_large,SNAK,2001,2003,499387,1,25,700,SNAK.2003,377,9,9
Lyons_large,SNAK,2002,2003,289921,10,26,701,SNAK.2003,377,9,9
Lyons_large,SNAK,2002,2004,425316,1,26,702,SNAK.2004,378,9,9
Lyons_large,SNAK,2003,2004,195091,10,27,703,SNAK.2004,378,9,9
Lyons_large,SNAK,2003,2005,234312,1,27,704,SNAK.2005,379,9,9
Lyons_large,SNAK,2004,2005,395898,11,28,705,SNAK.2005,379,9,9
Lyons_large,SNAK,2004,2006,223151,1,28,706,SNAK.2006,380,9,9
Lyons_large,SNAK,2005,2006,800306,10.5,29,707,SNAK.2006,380,9,9
Lyons_large,SNAK,2005,2007,250092,1,29,708,SNAK.2007,381,9,9
Lyons_large,SNAK,2006,2007,191436,11,30,709,SNAK.2007,381,9,9
Lyons_large,SNAK,2006,2008,231534,1,30,710,SNAK.2008,382,9,9
Lyons_large,SNAK,2007,2008,389857,10.5,31,711,SNAK.2008,382,9,9
Lyons_large,SNAK,2007,2009,220723,1,31,712,SNAK.2009,383,9,9
Lyons_large,SNAK,2008,2009,544855,10.5,32,713,SNAK.2009,383,9,9
Lyons_large,SNAK,2008,2010,251050,1,32,714,SNAK.2010,384,9,9
Lyons_large,SNAK,2009,2010,397011,11,33,715,SNAK.2010,384,9,9
Lyons_late_large,SNAK,1983,1985,334442,1,7,716,SNAK.1985,359,9,9
Lyons_late_large,SNAK,1984,1985,234985,10,8,717,SNAK.1985,359,9,9
Lyons_late_large,SNAK,1984,1986,258355,1,8,718,SNAK.1986,360,9,9
Lyons_late_large,SNAK,1985,1986,492186,10,9,719,SNAK.1986,360,9,9
Lyons_late_large,SNAK,1985,1987,308515,1,9,720,SNAK.1987,361,9,9
Lyons_late_large,SNAK,1986,1987,507644,10,10,721,SNAK.1987,361,9,9
Lyons_late_large,SNAK,1986,1988,238509,1,10,722,SNAK.1988,362,9,9
Lyons_late_large,SNAK,1987,1988,494488,10,11,723,SNAK.1988,362,9,9
Lyons_late_large,SNAK,1987,1989,234567,1,11,724,SNAK.1989,363,9,9
Lyons_late_large,SNAK,1988,1989,460581,10,12,725,SNAK.1989,363,9,9
Lyons_late_large,SNAK,1988,1990,230496,1,12,726,SNAK.1990,364,9,9
Lyons_late_large,SNAK,1989,1990,484918,10,13,727,SNAK.1990,364,9,9
Lyons_late_large,SNAK,1990,1991,222532,10,14,728,SNAK.1991,365,9,9
Lyons_late_large,SNAK,1990,1992,673455,1,14,729,SNAK.1992,366,9,9
Lyons_late_large,SNAK,1991,1993,749862,1,15,730,SNAK.1993,367,9,9
Lyons_late_large,SNAK,1992,1993,203177,10,16,731,SNAK.1993,367,9,9
Lyons_late_large,SNAK,1992,1994,596398,1,16,732,SNAK.1994,368,9,9
Mad,NCA,1980,1981,45971,11,4,733,NCA.1981,103,2,2
Mad,NCA,1982,1983,41344,10,6,734,NCA.1983,105,2,2
Mad_large,NCA,2001,2002,31101,5,25,735,NCA.2002,124,2,2
Makah,WAC,1985,1986,152489,11.5,9,736,WAC.1986,482,11,11
Makah,WAC,1986,1987,219503,12,10,737,WAC.1987,483,11,11
Makah,WAC,1987,1988,203819,11,11,738,WAC.1988,484,11,11
Makah,WAC,1989,1990,93972,11,13,739,WAC.1990,486,11,11
Makah,WAC,1990,1991,173677,10.5,14,740,WAC.1991,487,11,11
Makah,WAC,1991,1992,248384,10.5,15,741,WAC.1992,488,11,11
Makah,WAC,1992,1993,126876,10.5,16,742,WAC.1993,489,11,11
Makah,WAC,1993,1994,261790,10.5,17,743,WAC.1994,490,11,11
Makah,WAC,1994,1995,271025,10.5,18,744,WAC.1995,491,11,11
Makah,WAC,1995,1996,223712,10.5,19,745,WAC.1996,492,11,11
Makah,WAC,1996,1997,105907,11,20,746,WAC.1997,493,11,11
Makah,WAC,1997,1998,240765,11.5,21,747,WAC.1998,494,11,11
Makah,WAC,1998,1999,248351,11,22,748,WAC.1999,495,11,11
Makah,WAC,1999,2000,258306,10.5,23,749,WAC.2000,496,11,11
Makah,WAC,2000,2001,245710,10.5,24,750,WAC.2001,497,11,11
Makah,WAC,2001,2002,259391,10.5,25,751,WAC.2002,498,11,11
Makah,WAC,2002,2003,250529,11,26,752,WAC.2003,499,11,11
Makah,WAC,2003,2004,228862,11,27,753,WAC.2004,500,11,11
Makah,WAC,2005,2006,252446,11,29,754,WAC.2006,502,11,11
Makah,WAC,2006,2007,194614,11,30,755,WAC.2007,503,11,11
Makah,WAC,2007,2008,252628,10,31,756,WAC.2008,504,11,11
Makah,WAC,2008,2009,238849,10,32,757,WAC.2009,505,11,11
Makah,WAC,2009,2010,242077,11,33,758,WAC.2010,506,11,11
Merced,SFB,1987,1988,140463,12,11,759,SFB.1988,265,1,1
Merced,SFB,1988,1989,451104,11.5,12,760,SFB.1989,266,1,1
Merced,SFB,1989,1990,93653,12,13,761,SFB.1990,267,1,1
Merced,SFB,1993,1994,312297,12,17,762,SFB.1994,271,1,1
Merced,SFB,1995,1996,409629,11.5,19,763,SFB.1996,273,1,1
Merced,SFB,1996,1997,836978,11.5,20,764,SFB.1997,274,1,1
Merced,SFB,1997,1998,347117,12,21,765,SFB.1998,275,1,1
Merced,SFB,1998,1999,700832,11.5,22,766,SFB.1999,276,1,1
Merced,SFB,1999,2000,479146,11.5,23,767,SFB.2000,277,1,1
Merced,SFB,2000,2001,881924,11.5,24,768,SFB.2001,278,1,1
Merced,SFB,2001,2002,933670,12,25,769,SFB.2002,279,1,1
Merced,SFB,2002,2003,923542,11.5,26,770,SFB.2003,280,1,1
Merced,SFB,2003,2004,556380,11.5,27,771,SFB.2004,281,1,1
Merced,SFB,2004,2005,948873,11.5,28,772,SFB.2005,282,1,1
Merced,SFB,2008,2009,32978,11,32,773,SFB.2009,286,1,1
Merced,SFB,2009,2010,154685,11,33,774,SFB.2010,287,1,1
Mokelumne,SFB,1980,1981,62000,5,4,775,SFB.1981,258,1,1
Mokelumne,SFB,1990,1991,214439,11.5,14,776,SFB.1991,268,1,1
Mokelumne,SFB,1991,1992,65973,11,15,777,SFB.1992,269,1,1
Mokelumne,SFB,1992,1993,111548,10,16,778,SFB.1993,270,1,1
Mokelumne,SFB,1993,1994,312371,10.5,17,779,SFB.1994,271,1,1
Mokelumne,SFB,1994,1995,328911,11,18,780,SFB.1995,272,1,1
Mokelumne,SFB,1995,1996,196405,10.5,19,781,SFB.1996,273,1,1
Mokelumne,SFB,1996,1997,447282,10.5,20,782,SFB.1997,274,1,1
Mokelumne,SFB,1997,1998,493163,11,21,783,SFB.1998,275,1,1
Mokelumne,SFB,1998,1999,552172,12.5,22,784,SFB.1999,276,1,1
Mokelumne,SFB,1999,2000,567208,12,23,785,SFB.2000,277,1,1
Mokelumne,SFB,2000,2001,617834,13,24,786,SFB.2001,278,1,1
Mokelumne,SFB,2001,2002,924770,12,25,787,SFB.2002,279,1,1
Mokelumne,SFB,2002,2003,207871,13.5,26,788,SFB.2003,280,1,1
Mokelumne,SFB,2004,2005,200652,12.5,28,789,SFB.2005,282,1,1
Mokelumne,SFB,2006,2007,1273803,11.5,30,790,SFB.2007,284,1,1
Mokelumne,SFB,2007,2008,652126,11,31,791,SFB.2008,285,1,1
Mokelumne,SFB,2008,2009,270071,11,32,792,SFB.2009,286,1,1
Mokelumne,SFB,2009,2010,2115192,10,33,793,SFB.2010,287,1,1
Nanaimo,SGEO_S,1980,1981,72623,10,4,794,SGEO_S.1981,324,14,14
Nanaimo,SGEO_S,1987,1988,98941,11,11,795,SGEO_S.1988,331,14,14
Nanaimo,SGEO_S,1988,1989,52434,10,12,796,SGEO_S.1989,332,14,14
Nanaimo,SGEO_S,1989,1990,107434,10.5,13,797,SGEO_S.1990,333,14,14
Nanaimo,SGEO_S,1990,1991,101038,11,14,798,SGEO_S.1991,334,14,14
Nanaimo,SGEO_S,1991,1992,109766,11,15,799,SGEO_S.1992,335,14,14
Nanaimo,SGEO_S,1992,1993,107096,11,16,800,SGEO_S.1993,336,14,14
Nanaimo,SGEO_S,1993,1994,100289,11,17,801,SGEO_S.1994,337,14,14
Nanaimo,SGEO_S,1994,1995,75780,11,18,802,SGEO_S.1995,338,14,14
Nanaimo,SGEO_S,1995,1996,50223,11,19,803,SGEO_S.1996,339,14,14
Nanaimo,SGEO_S,1996,1997,75372,11,20,804,SGEO_S.1997,340,14,14
Nanaimo,SGEO_S,1997,1998,38302,11,21,805,SGEO_S.1998,341,14,14
Nanaimo,SGEO_S,1999,2000,151067,11,23,806,SGEO_S.2000,343,14,14
Nanaimo,SGEO_S,2000,2001,150573,12,24,807,SGEO_S.2001,344,14,14
Nanaimo,SGEO_S,2001,2002,151331,11,25,808,SGEO_S.2002,345,14,14
Nanaimo,SGEO_S,2002,2003,79876,10,26,809,SGEO_S.2003,346,14,14
Nanaimo,SGEO_S,2004,2005,199248,11,28,810,SGEO_S.2005,348,14,14
Nimbus,SFB,1982,1983,141285,8,6,811,SFB.1983,260,1,1
Nimbus,SFB,1983,1984,148304,9,7,812,SFB.1984,261,1,1
Nimbus,SFB,1984,1985,49379,9,8,813,SFB.1985,262,1,1
Nimbus,SFB,1985,1986,101992,9,9,814,SFB.1986,263,1,1
Nimbus,SFB,1986,1987,98407,9,10,815,SFB.1987,264,1,1
Nimbus,SFB,1987,1988,90173,10,11,816,SFB.1988,265,1,1
Nimbus,SFB,1988,1989,188580,10,12,817,SFB.1989,266,1,1
Nimbus,SFB,1989,1990,185466,10,13,818,SFB.1990,267,1,1
Nimbus,SFB,2000,2001,666646,11,24,819,SFB.2001,278,1,1
Nimbus,SFB,2001,2002,713619,10,25,820,SFB.2002,279,1,1
Nimbus,SFB,2003,2004,93591,11,27,821,SFB.2004,281,1,1
Nimbus,SFB,2006,2007,1246099,10.5,30,822,SFB.2007,284,1,1
Nimbus,SFB,2007,2008,1218755,10.5,31,823,SFB.2008,285,1,1
Nimbus,SFB,2008,2009,1240961,10.5,32,824,SFB.2009,286,1,1
Nimbus,SFB,2009,2010,1348086,10.5,33,825,SFB.2010,287,1,1
Nisqually_Clear_Ck,PUSO_S,1997,1998,207617,11,21,826,PUSO_S.1998,214,12,12
Nisqually_Clear_Ck,PUSO_S,1998,1999,202103,11,22,827,PUSO_S.1999,215,12,12
Nisqually_Clear_Ck,PUSO_S,1999,2000,199030,11,23,828,PUSO_S.2000,216,12,12
Nisqually_Clear_Ck,PUSO_S,2000,2001,169143,11,24,829,PUSO_S.2001,217,12,12
Nisqually_Clear_Ck,PUSO_S,2001,2002,214490,11,25,830,PUSO_S.2002,218,12,12
Nisqually_Clear_Ck,PUSO_S,2002,2003,180294,11,26,831,PUSO_S.2003,219,12,12
Nisqually_Clear_Ck,PUSO_S,2003,2004,207975,11,27,832,PUSO_S.2004,220,12,12
Nisqually_Clear_Ck,PUSO_S,2004,2005,208724,11,28,833,PUSO_S.2005,221,12,12
Nisqually_Clear_Ck,PUSO_S,2006,2007,204221,11,30,834,PUSO_S.2007,223,12,12
Nisqually_Clear_Ck,PUSO_S,2007,2008,180974,11,31,835,PUSO_S.2008,224,12,12
Nisqually_Clear_Ck,PUSO_S,2008,2009,206480,10,32,836,PUSO_S.2009,225,12,12
Nisqually_Clear_Ck,PUSO_S,2009,2010,201099,11,33,837,PUSO_S.2010,226,12,12
Nisqually_Kalama_Ck,PUSO_S,1984,1985,38605,12,8,838,PUSO_S.1985,201,12,12
Nisqually_Kalama_Ck,PUSO_S,1988,1989,193837,10,12,839,PUSO_S.1989,205,12,12
Nisqually_Kalama_Ck,PUSO_S,1989,1990,198744,11,13,840,PUSO_S.1990,206,12,12
Nisqually_Kalama_Ck,PUSO_S,1991,1992,190732,11,15,841,PUSO_S.1992,208,12,12
Nisqually_Kalama_Ck,PUSO_S,1992,1993,216185,11,16,842,PUSO_S.1993,209,12,12
Nisqually_Kalama_Ck,PUSO_S,1993,1994,205814,12,17,843,PUSO_S.1994,210,12,12
Nisqually_Kalama_Ck,PUSO_S,1998,1999,94723,11,22,844,PUSO_S.1999,215,12,12
Nisqually_Kalama_Ck,PUSO_S,1999,2000,88949,11,23,845,PUSO_S.2000,216,12,12
Nisqually_Kalama_Ck,PUSO_S,2000,2001,83178,11,24,846,PUSO_S.2001,217,12,12
Nisqually_Kalama_Ck,PUSO_S,2001,2002,82860,11,25,847,PUSO_S.2002,218,12,12
Nisqually_Kalama_Ck,PUSO_S,2002,2003,95101,11,26,848,PUSO_S.2003,219,12,12
Nisqually_Kalama_Ck,PUSO_S,2003,2004,96131,11,27,849,PUSO_S.2004,220,12,12
Nisqually_Kalama_Ck,PUSO_S,2004,2005,56177,11,28,850,PUSO_S.2005,221,12,12
Nisqually_Kalama_Ck,PUSO_S,2005,2006,42333,11,29,851,PUSO_S.2006,222,12,12
Nisqually_Kalama_Ck,PUSO_S,2006,2007,94725,11,30,852,PUSO_S.2007,223,12,12
Nisqually_Kalama_Ck,PUSO_S,2007,2008,61823,11,31,853,PUSO_S.2008,224,12,12
Nisqually_Kalama_Ck,PUSO_S,2008,2009,63327,10,32,854,PUSO_S.2009,225,12,12
Nisqually_Kalama_Ck,PUSO_S,2009,2010,52850,11,33,855,PUSO_S.2010,226,12,12
Nitinat,SWVI,1980,1981,78857,11,4,856,VI.1981,445,16,16
Nitinat,SWVI,1981,1982,86435,10,5,857,VI.1982,446,16,16
Nitinat,SWVI,1982,1983,81978,11,6,858,VI.1983,447,16,16
Nitinat,SWVI,1983,1984,107378,10.5,7,859,VI.1984,448,16,16
Nitinat,SWVI,1984,1985,112063,10.5,8,860,VI.1985,449,16,16
Nitinat,SWVI,1985,1986,131910,10.5,9,861,VI.1986,450,16,16
Nitinat,SWVI,1986,1987,105313,11,10,862,VI.1987,451,16,16
Nitinat,SWVI,1987,1988,157865,11,11,863,VI.1988,452,16,16
Nitinat,SWVI,1988,1989,103626,10.5,12,864,VI.1989,453,16,16
Nitinat,SWVI,1989,1990,190167,10.5,13,865,VI.1990,454,16,16
Nitinat,SWVI,1990,1991,243458,10.5,14,866,VI.1991,455,16,16
Nitinat,SWVI,1991,1992,107554,11,15,867,VI.1992,456,16,16
Nitinat,SWVI,1992,1993,89997,11,16,868,VI.1993,457,16,16
Nitinat,SWVI,1993,1994,88629,11,17,869,VI.1994,458,16,16
Nitinat,SWVI,1994,1995,69069,10.5,18,870,VI.1995,459,16,16
Nitinat,SWVI,1995,1996,53558,10,19,871,VI.1996,460,16,16
Nitinat,SWVI,1996,1997,71571,10.5,20,872,VI.1997,461,16,16
Nitinat,SWVI,1997,1998,65217,11,21,873,VI.1998,462,16,16
Nitinat,SWVI,1998,1999,82492,10.5,22,874,VI.1999,463,16,16
Nitinat,SWVI,1999,2000,46159,10,23,875,VI.2000,464,16,16
Nitinat,SWVI,2000,2001,55875,10,24,876,VI.2001,465,16,16
Nitinat,SWVI,2001,2002,70417,10,25,877,VI.2002,466,16,16
Nitinat,SWVI,2002,2003,58117,10.5,26,878,VI.2003,467,16,16
NPT,SNAK,2005,2006,198601,10.5,29,879,SNAK.2006,380,9,9
NPT,SNAK,2006,2007,243788,10.5,30,880,SNAK.2007,381,9,9
NPT,SNAK,2007,2008,198916,10.5,31,881,SNAK.2008,382,9,9
NPT,SNAK,2008,2009,383030,10.5,32,882,SNAK.2009,383,9,9
NPT,SNAK,2009,2010,394274,10.5,33,883,SNAK.2010,384,9,9
Oxbow,SNAK,2003,2004,160475,11,27,884,SNAK.2004,378,9,9
Oxbow,SNAK,2004,2005,173976,12,28,885,SNAK.2005,379,9,9
Oxbow,SNAK,2005,2006,173679,11,29,886,SNAK.2006,380,9,9
Oxbow,SNAK,2006,2007,104506,11,30,887,SNAK.2007,381,9,9
Oxbow,SNAK,2007,2008,174357,11,31,888,SNAK.2008,382,9,9
Oxbow,SNAK,2008,2009,182356,11,32,889,SNAK.2009,383,9,9
Oxbow,SNAK,2009,2010,176554,11,33,890,SNAK.2010,384,9,9
Priest,URB,1977,1978,152532,10,1,891,URB.1978,410,10,10
Priest,URB,1978,1979,153156,10.5,2,892,URB.1979,411,10,10
Priest,URB,1979,1980,147145,11,3,893,URB.1980,412,10,10
Priest,URB,1980,1981,236738,10.5,4,894,URB.1981,413,10,10
Priest,URB,1981,1982,310876,11,5,895,URB.1982,414,10,10
Priest,URB,1982,1983,406529,10.5,6,896,URB.1983,415,10,10
Priest,URB,1984,1985,208889,10,8,897,URB.1985,416,10,10
Priest,URB,1984,1986,107461,1,8,898,URB.1986,417,10,10
Priest,URB,1985,1986,203534,10,9,899,URB.1986,417,10,10
Priest,URB,1986,1987,595650,10.5,10,900,URB.1987,418,10,10
Priest,URB,1987,1988,196221,10,11,901,URB.1988,419,10,10
Priest,URB,1988,1989,201608,10,12,902,URB.1989,420,10,10
Priest,URB,1989,1990,194530,10,13,903,URB.1990,421,10,10
Priest,URB,1990,1991,199469,10,14,904,URB.1991,422,10,10
Priest,URB,1991,1992,201647,10,15,905,URB.1992,423,10,10
Priest,URB,1992,1993,194622,10,16,906,URB.1993,424,10,10
Priest,URB,1993,1994,185683,10,17,907,URB.1994,425,10,10
Priest,URB,1994,1995,156874,10,18,908,URB.1995,426,10,10
Priest,URB,1995,1996,193403,10,19,909,URB.1996,427,10,10
Priest,URB,1996,1997,192712,10,20,910,URB.1997,428,10,10
Priest,URB,1997,1998,194455,10,21,911,URB.1998,429,10,10
Priest,URB,1998,1999,191416,10,22,912,URB.1999,430,10,10
Priest,URB,1999,2000,201029,10,23,913,URB.2000,431,10,10
Priest,URB,2000,2001,199978,10,24,914,URB.2001,432,10,10
Priest,URB,2001,2002,219543,10,25,915,URB.2002,433,10,10
Priest,URB,2002,2003,355373,10,26,916,URB.2003,434,10,10
Priest,URB,2003,2004,398599,10,27,917,URB.2004,435,10,10
Priest,URB,2004,2005,200072,10,28,918,URB.2005,436,10,10
Priest,URB,2005,2006,199445,10,29,919,URB.2006,437,10,10
Priest,URB,2006,2007,202000,10,30,920,URB.2007,438,10,10
Priest,URB,2007,2008,202568,10,31,921,URB.2008,439,10,10
Priest,URB,2008,2009,216131,10,32,922,URB.2009,440,10,10
Priest,URB,2009,2010,1646129,10,33,923,URB.2010,441,10,10
Prosser_white_salmon,MCOL,2003,2004,200756,11,27,924,MCOL.2004,93,8,8
Prosser_white_salmon,MCOL,2004,2005,200134,11,28,925,MCOL.2005,94,8,8
Prosser_white_salmon,MCOL,2005,2006,199664,12,29,926,MCOL.2006,95,8,8
Prosser_white_salmon,MCOL,2006,2007,200084,12,30,927,MCOL.2007,96,8,8
Prosser_white_salmon,MCOL,2007,2008,199810,12,31,928,MCOL.2008,97,8,8
Prosser_white_salmon,MCOL,2008,2009,199657,12,32,929,MCOL.2009,98,8,8
Prosser_white_salmon,MCOL,2009,2010,199016,12,33,930,MCOL.2010,99,8,8
Puntledge,SGEO_S,1977,1978,53376,10,1,931,SGEO_S.1978,321,14,14
Puntledge,SGEO_S,1978,1979,53597,10,2,932,SGEO_S.1979,322,14,14
Puntledge,SGEO_S,1979,1980,50277,10,3,933,SGEO_S.1980,323,14,14
Puntledge,SGEO_S,1980,1981,104038,11,4,934,SGEO_S.1981,324,14,14
Puntledge,SGEO_S,1981,1982,84052,10,5,935,SGEO_S.1982,325,14,14
Puntledge,SGEO_S,1982,1983,50124,10,6,936,SGEO_S.1983,326,14,14
Puntledge,SGEO_S,1983,1984,51013,10,7,937,SGEO_S.1984,327,14,14
Puntledge,SGEO_S,1985,1986,49988,10,9,938,SGEO_S.1986,329,14,14
Puntledge,SGEO_S,1986,1987,25576,10,10,939,SGEO_S.1987,330,14,14
Puntledge,SGEO_S,1989,1990,64371,10.5,13,940,SGEO_S.1990,333,14,14
Puntledge,SGEO_S,1990,1991,120123,10.5,14,941,SGEO_S.1991,334,14,14
Puntledge,SGEO_S,1991,1992,57051,11,15,942,SGEO_S.1992,335,14,14
Puntledge,SGEO_S,1992,1993,25273,10,16,943,SGEO_S.1993,336,14,14
Puntledge,SGEO_S,1993,1994,30405,10,17,944,SGEO_S.1994,337,14,14
Puntledge,SGEO_S,1995,1996,30342,10,19,945,SGEO_S.1996,339,14,14
Puntledge,SGEO_S,1996,1997,28676,10,20,946,SGEO_S.1997,340,14,14
Puntledge,SGEO_S,1997,1998,28785,10,21,947,SGEO_S.1998,341,14,14
Puntledge,SGEO_S,1998,1999,29061,11,22,948,SGEO_S.1999,342,14,14
Puntledge,SGEO_S,1999,2000,59829,10.5,23,949,SGEO_S.2000,343,14,14
Puntledge,SGEO_S,2000,2001,60073,10,24,950,SGEO_S.2001,344,14,14
Puntledge,SGEO_S,2001,2002,59646,11,25,951,SGEO_S.2002,345,14,14
Puntledge,SGEO_S,2002,2003,59937,10,26,952,SGEO_S.2003,346,14,14
Puntledge,SGEO_S,2003,2004,59564,11,27,953,SGEO_S.2004,347,14,14
Puntledge,SGEO_S,2004,2005,60232,11,28,954,SGEO_S.2005,348,14,14
Puntledge,SGEO_S,2005,2006,62708,10,29,955,SGEO_S.2006,349,14,14
Puntledge,SGEO_S,2006,2007,57765,10,30,956,SGEO_S.2007,350,14,14
Puntledge,SGEO_S,2007,2008,59793,11,31,957,SGEO_S.2008,351,14,14
Puntledge,SGEO_S,2008,2009,59574,11,32,958,SGEO_S.2009,352,14,14
Puntledge,SGEO_S,2009,2010,60065,11,33,959,SGEO_S.2010,353,14,14
Quinault,WAC,1978,1979,101204,10,2,960,WAC.1979,476,11,11
Quinault,WAC,1982,1983,83490,9,6,961,WAC.1983,479,11,11
Quinault,WAC,1983,1984,67866,9,7,962,WAC.1984,480,11,11
Quinault,WAC,1986,1987,99925,10,10,963,WAC.1987,483,11,11
Quinault,WAC,1987,1988,151701,10,11,964,WAC.1988,484,11,11
Quinault,WAC,1988,1989,147936,10,12,965,WAC.1989,485,11,11
Quinault,WAC,1989,1990,143129,9,13,966,WAC.1990,486,11,11
Quinault,WAC,1990,1991,137094,8.5,14,967,WAC.1991,487,11,11
Quinsam,SGEO_N,1977,1978,152518,10,1,968,SGEO_N.1978,288,15,15
Quinsam,SGEO_N,1978,1979,97316,11,2,969,SGEO_N.1979,289,15,15
Quinsam,SGEO_N,1979,1980,102844,10.5,3,970,SGEO_N.1980,290,15,15
Quinsam,SGEO_N,1980,1981,156121,10.5,4,971,SGEO_N.1981,291,15,15
Quinsam,SGEO_N,1981,1982,414335,10,5,972,SGEO_N.1982,292,15,15
Quinsam,SGEO_N,1982,1983,463749,10.5,6,973,SGEO_N.1983,293,15,15
Quinsam,SGEO_N,1983,1984,132094,11,7,974,SGEO_N.1984,294,15,15
Quinsam,SGEO_N,1984,1985,257076,11,8,975,SGEO_N.1985,295,15,15
Quinsam,SGEO_N,1985,1986,180651,10,9,976,SGEO_N.1986,296,15,15
Quinsam,SGEO_N,1986,1987,178696,11,10,977,SGEO_N.1987,297,15,15
Quinsam,SGEO_N,1987,1988,221195,11.5,11,978,SGEO_N.1988,298,15,15
Quinsam,SGEO_N,1988,1989,222600,11.5,12,979,SGEO_N.1989,299,15,15
Quinsam,SGEO_N,1989,1990,221663,11.5,13,980,SGEO_N.1990,300,15,15
Quinsam,SGEO_N,1990,1991,239047,11.5,14,981,SGEO_N.1991,301,15,15
Quinsam,SGEO_N,1991,1992,221408,11.5,15,982,SGEO_N.1992,302,15,15
Quinsam,SGEO_N,1992,1993,218619,11.5,16,983,SGEO_N.1993,303,15,15
Quinsam,SGEO_N,1993,1994,235650,11,17,984,SGEO_N.1994,304,15,15
Quinsam,SGEO_N,1994,1995,236924,11,18,985,SGEO_N.1995,305,15,15
Quinsam,SGEO_N,1995,1996,181098,11,19,986,SGEO_N.1996,306,15,15
Quinsam,SGEO_N,1996,1997,229166,11,20,987,SGEO_N.1997,307,15,15
Quinsam,SGEO_N,1997,1998,236352,11,21,988,SGEO_N.1998,308,15,15
Quinsam,SGEO_N,1998,1999,190383,11,22,989,SGEO_N.1999,309,15,15
Quinsam,SGEO_N,1999,2000,169389,11,23,990,SGEO_N.2000,310,15,15
Quinsam,SGEO_N,2000,2001,199047,11,24,991,SGEO_N.2001,311,15,15
Quinsam,SGEO_N,2001,2002,218434,11,25,992,SGEO_N.2002,312,15,15
Quinsam,SGEO_N,2002,2003,241422,11,26,993,SGEO_N.2003,313,15,15
Quinsam,SGEO_N,2003,2004,226842,11,27,994,SGEO_N.2004,314,15,15
Quinsam,SGEO_N,2004,2005,209757,11,28,995,SGEO_N.2005,315,15,15
Quinsam,SGEO_N,2005,2006,181128,11,29,996,SGEO_N.2006,316,15,15
Quinsam,SGEO_N,2006,2007,199466,11,30,997,SGEO_N.2007,317,15,15
Quinsam,SGEO_N,2007,2008,531550,11,31,998,SGEO_N.2008,318,15,15
Quinsam,SGEO_N,2008,2009,237193,11,32,999,SGEO_N.2009,319,15,15
Quinsam,SGEO_N,2009,2010,537575,11,33,1000,SGEO_N.2010,320,15,15
Ringold,URB,1977,1978,146296,10,1,1001,URB.1978,410,10,10
Ringold,URB,2008,2009,137508,10,32,1002,URB.2009,440,10,10
Ringold,URB,2009,2010,203031,10,33,1003,URB.2010,441,10,10
Ringold_white_salmon,MCOL,1994,1995,306059,10,18,1004,MCOL.1995,84,8,8
Ringold_white_salmon,MCOL,1995,1996,378778,10,19,1005,MCOL.1996,85,8,8
Ringold_white_salmon,MCOL,1996,1997,403281,9.5,20,1006,MCOL.1997,86,8,8
Ringold_white_salmon,MCOL,1997,1998,444791,10,21,1007,MCOL.1998,87,8,8
Ringold_white_salmon,MCOL,1998,1999,407562,10,22,1008,MCOL.1999,88,8,8
Ringold_white_salmon,MCOL,1999,2000,410388,10,23,1009,MCOL.2000,89,8,8
Ringold_white_salmon,MCOL,2000,2001,399244,10,24,1010,MCOL.2001,90,8,8
Ringold_white_salmon,MCOL,2001,2002,431362,10,25,1011,MCOL.2002,91,8,8
Ringold_white_salmon,MCOL,2002,2003,192931,10,26,1012,MCOL.2003,92,8,8
Ringold_white_salmon,MCOL,2003,2004,209501,10,27,1013,MCOL.2004,93,8,8
Ringold_white_salmon,MCOL,2004,2005,222200,10,28,1014,MCOL.2005,94,8,8
Ringold_white_salmon,MCOL,2006,2007,222706,10,30,1015,MCOL.2007,96,8,8
Ringold_white_salmon,MCOL,2007,2008,219754,10,31,1016,MCOL.2008,97,8,8
Robertson,SWVI,1977,1978,137541,10.5,1,1017,VI.1978,442,16,16
Robertson,SWVI,1978,1979,232409,10.5,2,1018,VI.1979,443,16,16
Robertson,SWVI,1979,1980,241758,10.5,3,1019,VI.1980,444,16,16
Robertson,SWVI,1980,1981,206942,11,4,1020,VI.1981,445,16,16
Robertson,SWVI,1981,1982,126069,10.5,5,1021,VI.1982,446,16,16
Robertson,SWVI,1982,1983,227199,10.5,6,1022,VI.1983,447,16,16
Robertson,SWVI,1983,1984,280937,10,7,1023,VI.1984,448,16,16
Robertson,SWVI,1984,1985,249251,10.5,8,1024,VI.1985,449,16,16
Robertson,SWVI,1985,1986,208707,10,9,1025,VI.1986,450,16,16
Robertson,SWVI,1986,1987,385909,11,10,1026,VI.1987,451,16,16
Robertson,SWVI,1987,1988,497113,11,11,1027,VI.1988,452,16,16
Robertson,SWVI,1988,1989,201188,11,12,1028,VI.1989,453,16,16
Robertson,SWVI,1989,1990,272813,11,13,1029,VI.1990,454,16,16
Robertson,SWVI,1990,1991,271977,11,14,1030,VI.1991,455,16,16
Robertson,SWVI,1991,1992,215598,11,15,1031,VI.1992,456,16,16
Robertson,SWVI,1992,1993,214398,10.5,16,1032,VI.1993,457,16,16
Robertson,SWVI,1993,1994,215017,10.5,17,1033,VI.1994,458,16,16
Robertson,SWVI,1993,1995,29851,1,17,1034,VI.1995,459,16,16
Robertson,SWVI,1994,1995,335103,10,18,1035,VI.1995,459,16,16
Robertson,SWVI,1995,1996,334730,10.5,19,1036,VI.1996,460,16,16
Robertson,SWVI,1996,1997,326394,10.5,20,1037,VI.1997,461,16,16
Robertson,SWVI,1997,1998,199075,11,21,1038,VI.1998,462,16,16
Robertson,SWVI,1998,1999,201794,10.5,22,1039,VI.1999,463,16,16
Robertson,SWVI,1999,2000,200412,11,23,1040,VI.2000,464,16,16
Robertson,SWVI,2000,2001,195663,11,24,1041,VI.2001,465,16,16
Robertson,SWVI,2001,2002,200050,10.5,25,1042,VI.2002,466,16,16
Robertson,SWVI,2002,2003,200014,11,26,1043,VI.2003,467,16,16
Robertson,SWVI,2003,2004,203309,11,27,1044,VI.2004,468,16,16
Robertson,SWVI,2004,2005,200803,11,28,1045,VI.2005,469,16,16
Robertson,SWVI,2005,2006,201013,11,29,1046,VI.2006,470,16,16
Robertson,SWVI,2006,2007,201524,11,30,1047,VI.2007,471,16,16
Robertson,SWVI,2007,2008,216442,11,31,1048,VI.2008,472,16,16
Robertson,SWVI,2008,2009,498054,10.5,32,1049,VI.2009,473,16,16
Robertson,SWVI,2009,2010,451196,11,33,1050,VI.2010,474,16,16
Salmon_WA,WAC,1977,1978,32934,9,1,1051,WAC.1978,475,11,11
Salmon_WA,WAC,1978,1979,44633,10,2,1052,WAC.1979,476,11,11
Salmon_WA,WAC,1980,1981,47617,9,4,1053,WAC.1981,477,11,11
Salmon_WA,WAC,1981,1982,35701,8,5,1054,WAC.1982,478,11,11
Salmon_WA,WAC,1982,1983,58470,10,6,1055,WAC.1983,479,11,11
Salmon_WA,WAC,1983,1984,98684,9,7,1056,WAC.1984,480,11,11
Salmon(OR),NOR,1977,1978,43774,7,1,1057,NOR.1978,133,5,5
Salmon(OR),NOR,1978,1979,41660,7,2,1058,NOR.1979,134,5,5
Salmon(OR),NOR,1979,1980,49143,7,3,1059,NOR.1980,135,5,5
Salmon(OR),NOR,1980,1981,53680,7,4,1060,NOR.1981,136,5,5
Salmon(OR),NOR,1982,1983,25734,8,6,1061,NOR.1983,137,5,5
Salmon(OR),NOR,1983,1984,26150,8,7,1062,NOR.1984,138,5,5
Salmon(OR),NOR,1984,1985,47818,7.5,8,1063,NOR.1985,139,5,5
Salmon(OR),NOR,1985,1986,50820,8,9,1064,NOR.1986,140,5,5
Salmon(OR),NOR,1986,1987,138096,8,10,1065,NOR.1987,141,5,5
Salmon(OR),NOR,1987,1988,193469,8,11,1066,NOR.1988,142,5,5
Salmon(OR),NOR,1988,1989,172356,8,12,1067,NOR.1989,143,5,5
Salmon(OR),NOR,1989,1990,203362,8,13,1068,NOR.1990,144,5,5
Salmon(OR),NOR,1990,1991,184109,8,14,1069,NOR.1991,145,5,5
Salmon(OR),NOR,1991,1992,184912,8,15,1070,NOR.1992,146,5,5
Salmon(OR),NOR,1992,1993,169353,8,16,1071,NOR.1993,147,5,5
Salmon(OR),NOR,1993,1994,184054,8,17,1072,NOR.1994,148,5,5
Salmon(OR),NOR,1994,1995,172256,8,18,1073,NOR.1995,149,5,5
Salmon(OR),NOR,1996,1997,194096,8,20,1074,NOR.1997,150,5,5
Salmon(OR),NOR,1997,1998,179888,8,21,1075,NOR.1998,151,5,5
Salmon(OR),NOR,1998,1999,190423,8,22,1076,NOR.1999,152,5,5
Salmon(OR),NOR,1999,2000,221633,8,23,1077,NOR.2000,153,5,5
Salmon(OR),NOR,2000,2001,229941,7.5,24,1078,NOR.2001,154,5,5
Salmon(OR),NOR,2001,2002,207374,8,25,1079,NOR.2002,155,5,5
Salmon(OR),NOR,2002,2003,219257,7.5,26,1080,NOR.2003,156,5,5
Salmon(OR),NOR,2003,2004,231834,7.5,27,1081,NOR.2004,157,5,5
Salmon(OR),NOR,2004,2005,178005,8,28,1082,NOR.2005,158,5,5
Salmon(OR),NOR,2005,2006,233940,8,29,1083,NOR.2006,159,5,5
Salmon(OR),NOR,2006,2007,231607,7,30,1084,NOR.2007,160,5,5
Salmon(OR),NOR,2007,2008,205216,7,31,1085,NOR.2008,161,5,5
Salmon(OR),NOR,2008,2009,157478,8,32,1086,NOR.2009,162,5,5
Salmon(OR),NOR,2009,2010,175033,7,33,1087,NOR.2010,163,5,5
Samish,PUSO_N,1979,1980,309574,11,3,1088,PUSO_N.1980,165,13,13
Samish,PUSO_N,1985,1986,210873,11,9,1089,PUSO_N.1986,171,13,13
Samish,PUSO_N,1986,1987,204517,11,10,1090,PUSO_N.1987,172,13,13
Samish,PUSO_N,1987,1988,205145,11,11,1091,PUSO_N.1988,173,13,13
Samish,PUSO_N,1988,1989,199723,11,12,1092,PUSO_N.1989,174,13,13
Samish,PUSO_N,1989,1990,202682,11,13,1093,PUSO_N.1990,175,13,13
Samish,PUSO_N,1990,1991,200872,11,14,1094,PUSO_N.1991,176,13,13
Samish,PUSO_N,1991,1992,203392,11,15,1095,PUSO_N.1992,177,13,13
Samish,PUSO_N,1992,1993,201791,11,16,1096,PUSO_N.1993,178,13,13
Samish,PUSO_N,1993,1994,201258,11,17,1097,PUSO_N.1994,179,13,13
Samish,PUSO_N,1994,1995,205256,11,18,1098,PUSO_N.1995,180,13,13
Samish,PUSO_N,1994,1996,92847,1,18,1099,PUSO_N.1996,181,13,13
Samish,PUSO_N,1995,1996,192734,11,19,1100,PUSO_N.1996,181,13,13
Samish,PUSO_N,1995,1997,95692,1,19,1101,PUSO_N.1997,182,13,13
Samish,PUSO_N,1998,1999,200029,11,22,1102,PUSO_N.1999,183,13,13
Samish,PUSO_N,1999,2000,168423,11,23,1103,PUSO_N.2000,184,13,13
Samish,PUSO_N,2000,2001,146138,11,24,1104,PUSO_N.2001,185,13,13
Samish,PUSO_N,2001,2002,173971,11,25,1105,PUSO_N.2002,186,13,13
Samish,PUSO_N,2004,2005,398379,11,28,1106,PUSO_N.2005,189,13,13
Samish,PUSO_N,2004,2006,86786,2,28,1107,PUSO_N.2006,190,13,13
Samish,PUSO_N,2006,2007,412204,11,30,1108,PUSO_N.2007,191,13,13
Samish,PUSO_N,2007,2008,428420,11,31,1109,PUSO_N.2008,192,13,13
Samish,PUSO_N,2008,2009,403772,11,32,1110,PUSO_N.2009,193,13,13
Samish,PUSO_N,2009,2010,405502,11,33,1111,PUSO_N.2010,194,13,13
San_Joaquin,SFB,1977,1978,49498,6,1,1112,SFB.1978,255,1,1
San_Joaquin,SFB,1980,1981,171484,5,4,1113,SFB.1981,258,1,1
San_Joaquin,SFB,1981,1982,201413,8.5,5,1114,SFB.1982,259,1,1
San_Joaquin,SFB,1982,1983,114790,6,6,1115,SFB.1983,260,1,1
San_Joaquin,SFB,1983,1984,189566,6,7,1116,SFB.1984,261,1,1
San_Joaquin,SFB,1984,1985,125452,6,8,1117,SFB.1985,262,1,1
San_Joaquin,SFB,1985,1986,612770,11.5,9,1118,SFB.1986,263,1,1
San_Joaquin,SFB,1986,1987,366675,12,10,1119,SFB.1987,264,1,1
San_Joaquin,SFB,1993,1994,131943,5,17,1120,SFB.1994,271,1,1
San_Joaquin,SFB,1994,1995,331042,11,18,1121,SFB.1995,272,1,1
San_Joaquin,SFB,1997,1998,353354,11.5,21,1122,SFB.1998,275,1,1
San_Joaquin,SFB,1999,2000,482424,11.5,23,1123,SFB.2000,277,1,1
Skagit,PUSO_N,2000,2001,161268,11,24,1124,PUSO_N.2001,185,13,13
Skagit,PUSO_N,2001,2002,170667,10,25,1125,PUSO_N.2002,186,13,13
Skagit,PUSO_N,2002,2003,34161,11,26,1126,PUSO_N.2003,187,13,13
Skagit,PUSO_N,2003,2004,237325,10,27,1127,PUSO_N.2004,188,13,13
Skagit,PUSO_N,2004,2005,154999,10,28,1128,PUSO_N.2005,189,13,13
Skagit,PUSO_N,2005,2006,211745,10,29,1129,PUSO_N.2006,190,13,13
Skagit,PUSO_N,2006,2007,161018,10,30,1130,PUSO_N.2007,191,13,13
Skagit,PUSO_N,2007,2008,209402,10,31,1131,PUSO_N.2008,192,13,13
Skagit,PUSO_N,2008,2009,156592,10,32,1132,PUSO_N.2009,193,13,13
Smith,NCA,1978,1979,38302,5,2,1133,NCA.1979,101,2,2
Smith,NCA,1999,2000,49536,10,23,1134,NCA.2000,122,2,2
Smith,NCA,2007,2008,166966,9,31,1135,NCA.2008,130,2,2
Smith,NCA,2008,2009,113180,10,32,1136,NCA.2009,131,2,2
Snohomish-Bernie,PUSO_N,1986,1987,191825,11,10,1137,PUSO_N.1987,172,13,13
Snohomish-Bernie,PUSO_N,1987,1988,188110,11,11,1138,PUSO_N.1988,173,13,13
Snohomish-Bernie,PUSO_N,1988,1989,181873,11,12,1139,PUSO_N.1989,174,13,13
Snohomish-Bernie,PUSO_N,1990,1991,153341,11,14,1140,PUSO_N.1991,176,13,13
Snohomish-Bernie,PUSO_N,1991,1992,187472,11,15,1141,PUSO_N.1992,177,13,13
Snohomish-Bernie,PUSO_N,1998,1999,67035,11,22,1142,PUSO_N.1999,183,13,13
Snohomish-Bernie,PUSO_N,1999,2000,101107,11,23,1143,PUSO_N.2000,184,13,13
Snohomish-Bernie,PUSO_N,2000,2001,88327,11,24,1144,PUSO_N.2001,185,13,13
Snohomish-Bernie,PUSO_N,2001,2002,89833,11,25,1145,PUSO_N.2002,186,13,13
Snohomish-Bernie,PUSO_N,2002,2003,77628,11,26,1146,PUSO_N.2003,187,13,13
Snohomish-Bernie,PUSO_N,2003,2004,88441,11,27,1147,PUSO_N.2004,188,13,13
Soos,PUSO_S,1978,1979,385169,11,2,1148,PUSO_S.1979,195,12,12
Soos,PUSO_S,1979,1980,119913,11,3,1149,PUSO_S.1980,196,12,12
Soos,PUSO_S,1980,1981,170200,11,4,1150,PUSO_S.1981,197,12,12
Soos,PUSO_S,1981,1982,211883,11,5,1151,PUSO_S.1982,198,12,12
Soos,PUSO_S,1985,1986,201950,11,9,1152,PUSO_S.1986,202,12,12
Soos,PUSO_S,1990,1991,201694,11,14,1153,PUSO_S.1991,207,12,12
Soos,PUSO_S,1991,1992,198220,11,15,1154,PUSO_S.1992,208,12,12
Soos,PUSO_S,1992,1993,197962,11,16,1155,PUSO_S.1993,209,12,12
Soos,PUSO_S,1993,1994,195147,11,17,1156,PUSO_S.1994,210,12,12
Soos,PUSO_S,1994,1995,300728,11,18,1157,PUSO_S.1995,211,12,12
Soos,PUSO_S,1995,1996,196116,11,19,1158,PUSO_S.1996,212,12,12
Soos,PUSO_S,1996,1997,198328,11,20,1159,PUSO_S.1997,213,12,12
Soos,PUSO_S,1997,1998,203030,11,21,1160,PUSO_S.1998,214,12,12
Soos,PUSO_S,1998,1999,186806,11,22,1161,PUSO_S.1999,215,12,12
Soos,PUSO_S,1999,2000,193355,11,23,1162,PUSO_S.2000,216,12,12
Soos,PUSO_S,2000,2001,194248,11,24,1163,PUSO_S.2001,217,12,12
Soos,PUSO_S,2001,2002,178119,10,25,1164,PUSO_S.2002,218,12,12
Soos,PUSO_S,2002,2003,192443,11,26,1165,PUSO_S.2003,219,12,12
Soos,PUSO_S,2003,2004,197726,11,27,1166,PUSO_S.2004,220,12,12
Soos,PUSO_S,2004,2005,204698,11,28,1167,PUSO_S.2005,221,12,12
Soos,PUSO_S,2005,2006,196353,11,29,1168,PUSO_S.2006,222,12,12
Soos,PUSO_S,2006,2007,204795,11,30,1169,PUSO_S.2007,223,12,12
Soos,PUSO_S,2007,2008,202671,11,31,1170,PUSO_S.2008,224,12,12
Soos,PUSO_S,2008,2009,191808,11,32,1171,PUSO_S.2009,225,12,12
Soos,PUSO_S,2009,2010,195175,11,33,1172,PUSO_S.2010,226,12,12
Spring Creek_LCOL,LCOL,1977,1978,890360,11.5,1,1173,LCOL.1978,34,7,7
Spring Creek_LCOL,LCOL,1978,1979,815075,11.5,2,1174,LCOL.1979,35,7,7
Spring Creek_LCOL,LCOL,1979,1980,499509,11.5,3,1175,LCOL.1980,36,7,7
Spring Creek_LCOL,LCOL,1980,1981,516825,11.5,4,1176,LCOL.1981,37,7,7
Spring Creek_LCOL,LCOL,1981,1982,579764,11.5,5,1177,LCOL.1982,38,7,7
Spring Creek_LCOL,LCOL,1982,1983,205013,12,6,1178,LCOL.1983,39,7,7
Spring Creek_LCOL,LCOL,1983,1984,190773,12,7,1179,LCOL.1984,40,7,7
Spring Creek_LCOL,LCOL,1984,1985,259938,14,8,1180,LCOL.1985,41,7,7
Spring Creek_LCOL,LCOL,1985,1986,566555,12,9,1181,LCOL.1986,42,7,7
Spring Creek_LCOL,LCOL,1986,1987,96638,12.5,10,1182,LCOL.1987,43,7,7
Spring Creek_LCOL,LCOL,1987,1988,151772,11,11,1183,LCOL.1988,44,7,7
Spring Creek_LCOL,LCOL,1988,1989,97941,11.5,12,1184,LCOL.1989,45,7,7
Spring Creek_LCOL,LCOL,1991,1992,816582,12.5,15,1185,LCOL.1992,48,7,7
Spring Creek_LCOL,LCOL,1992,1993,904209,12,16,1186,LCOL.1993,49,7,7
Spring Creek_LCOL,LCOL,1993,1994,703751,12,17,1187,LCOL.1994,50,7,7
Spring Creek_LCOL,LCOL,1994,1995,682158,12,18,1188,LCOL.1995,51,7,7
Spring Creek_LCOL,LCOL,1995,1996,421403,12,19,1189,LCOL.1996,52,7,7
Spring Creek_LCOL,LCOL,1996,1997,432187,12,20,1190,LCOL.1997,53,7,7
Spring Creek_LCOL,LCOL,1997,1998,441373,12,21,1191,LCOL.1998,54,7,7
Spring Creek_LCOL,LCOL,1998,1999,429868,12,22,1192,LCOL.1999,55,7,7
Spring Creek_LCOL,LCOL,1999,2000,399408,12,23,1193,LCOL.2000,56,7,7
Spring Creek_LCOL,LCOL,2000,2001,440787,12.5,24,1194,LCOL.2001,57,7,7
Spring Creek_LCOL,LCOL,2001,2002,412493,12.5,25,1195,LCOL.2002,58,7,7
Spring Creek_LCOL,LCOL,2002,2003,286646,12.5,26,1196,LCOL.2003,59,7,7
Spring Creek_LCOL,LCOL,2003,2004,433642,12,27,1197,LCOL.2004,60,7,7
Spring Creek_LCOL,LCOL,2004,2005,447881,12.5,28,1198,LCOL.2005,61,7,7
Spring Creek_LCOL,LCOL,2005,2006,442908,12,29,1199,LCOL.2006,62,7,7
Spring Creek_LCOL,LCOL,2006,2007,446377,12,30,1200,LCOL.2007,63,7,7
Spring Creek_LCOL,LCOL,2007,2008,445962,12,31,1201,LCOL.2008,64,7,7
Spring Creek_LCOL,LCOL,2008,2009,359866,11.5,32,1202,LCOL.2009,65,7,7
Spring Creek_LCOL,LCOL,2009,2010,403624,11.5,33,1203,LCOL.2010,66,7,7
Spring_Creek_MCOL,MCOL,1983,1984,554102,10,7,1204,MCOL.1984,73,8,8
Spring_Creek_MCOL,MCOL,1984,1985,402626,10,8,1205,MCOL.1985,74,8,8
Spring_Creek_MCOL,MCOL,1985,1986,371504,11,9,1206,MCOL.1986,75,8,8
Stayton,LCOL,1977,1978,201019,11,1,1207,LCOL.1978,34,7,7
Stayton,LCOL,1978,1979,283783,11,2,1208,LCOL.1979,35,7,7
Stayton,LCOL,1979,1980,282039,12,3,1209,LCOL.1980,36,7,7
Stayton,LCOL,1980,1981,245499,12,4,1210,LCOL.1981,37,7,7
Stayton,LCOL,1981,1982,265797,11,5,1211,LCOL.1982,38,7,7
Stayton,LCOL,1982,1983,156703,12,6,1212,LCOL.1983,39,7,7
Stayton,LCOL,1983,1984,148072,11,7,1213,LCOL.1984,40,7,7
Stayton,LCOL,1985,1986,183215,12,9,1214,LCOL.1986,42,7,7
Stayton,LCOL,1986,1987,196944,12,10,1215,LCOL.1987,43,7,7
Stayton,LCOL,1987,1988,193340,12,11,1216,LCOL.1988,44,7,7
Stayton,LCOL,1988,1989,173719,12,12,1217,LCOL.1989,45,7,7
Stayton,LCOL,1989,1990,234784,11,13,1218,LCOL.1990,46,7,7
Stayton,LCOL,1990,1991,196187,12,14,1219,LCOL.1991,47,7,7
Stayton,LCOL,1993,1994,294883,11,17,1220,LCOL.1994,50,7,7
Stayton,LCOL,1994,1995,312888,11.5,18,1221,LCOL.1995,51,7,7
Tehama,SFB,1977,1978,104709,11,1,1222,SFB.1978,255,1,1
Tehama,SFB,1978,1979,113457,12,2,1223,SFB.1979,256,1,1
Tehama,SFB,1979,1980,36417,11,3,1224,SFB.1980,257,1,1
Tehama,SFB,1980,1981,107953,12,4,1225,SFB.1981,258,1,1
Tehama,SFB,1984,1985,50658,11.5,8,1226,SFB.1985,262,1,1
Toutle,LCOL,1977,1978,269319,9.5,1,1227,LCOL.1978,34,7,7
Toutle,LCOL,1978,1979,144085,10,2,1228,LCOL.1979,35,7,7
Toutle,LCOL,1990,1991,100433,10,14,1229,LCOL.1991,47,7,7
Toutle,LCOL,1991,1992,144831,11,15,1230,LCOL.1992,48,7,7
Toutle,LCOL,1992,1993,88952,10,16,1231,LCOL.1993,49,7,7
Toutle,LCOL,1995,1996,87574,10,19,1232,LCOL.1996,52,7,7
Toutle,LCOL,1996,1997,85651,10,20,1233,LCOL.1997,53,7,7
Toutle,LCOL,1997,1998,78517,10,21,1234,LCOL.1998,54,7,7
Toutle,LCOL,1998,1999,88647,9,22,1235,LCOL.1999,55,7,7
Toutle,LCOL,2000,2001,73646,10,24,1236,LCOL.2001,57,7,7
Toutle,LCOL,2001,2002,41134,10,25,1237,LCOL.2002,58,7,7
Toutle,LCOL,2002,2003,87067,10,26,1238,LCOL.2003,59,7,7
Toutle,LCOL,2003,2004,88906,9,27,1239,LCOL.2004,60,7,7
Toutle,LCOL,2004,2005,85135,9,28,1240,LCOL.2005,61,7,7
Toutle,LCOL,2005,2006,86339,9,29,1241,LCOL.2006,62,7,7
Toutle,LCOL,2006,2007,84543,10,30,1242,LCOL.2007,63,7,7
Toutle,LCOL,2007,2008,86345,9,31,1243,LCOL.2008,64,7,7
Toutle,LCOL,2008,2009,81825,9,32,1244,LCOL.2009,65,7,7
Toutle,LCOL,2009,2010,85792,9,33,1245,LCOL.2010,66,7,7
Trinity,NCA,1977,1978,534068,8,1,1246,NCA.1978,100,2,2
Trinity,NCA,1977,1979,193910,1,1,1247,NCA.1979,101,2,2
Trinity,NCA,1978,1979,585851,7.5,2,1248,NCA.1979,101,2,2
Trinity,NCA,1978,1980,156020,1,2,1249,NCA.1980,102,2,2
Trinity,NCA,1979,1980,473619,8,3,1250,NCA.1980,102,2,2
Trinity,NCA,1979,1981,82982,1,3,1251,NCA.1981,103,2,2
Trinity,NCA,1980,1981,305250,8.5,4,1252,NCA.1981,103,2,2
Trinity,NCA,1981,1982,287786,8,5,1253,NCA.1982,104,2,2
Trinity,NCA,1982,1983,429356,7.5,6,1254,NCA.1983,105,2,2
Trinity,NCA,1983,1984,657777,7,7,1255,NCA.1984,106,2,2
Trinity,NCA,1983,1985,92965,1,7,1256,NCA.1985,107,2,2
Trinity,NCA,1984,1985,659223,7,8,1257,NCA.1985,107,2,2
Trinity,NCA,1984,1986,102512,2,8,1258,NCA.1986,108,2,2
Trinity,NCA,1985,1986,293617,8,9,1259,NCA.1986,108,2,2
Trinity,NCA,1986,1987,329536,8.5,10,1260,NCA.1987,109,2,2
Trinity,NCA,1988,1989,159637,6,12,1261,NCA.1989,111,2,2
Trinity,NCA,1989,1990,345597,8.5,13,1262,NCA.1990,112,2,2
Trinity,NCA,1990,1991,103040,6,14,1263,NCA.1991,113,2,2
Trinity,NCA,1991,1992,379373,11,15,1264,NCA.1992,114,2,2
Trinity,NCA,1992,1993,345491,10.5,16,1265,NCA.1993,115,2,2
Trinity,NCA,1993,1994,403906,11.5,17,1266,NCA.1994,116,2,2
Trinity,NCA,1994,1995,329687,8,18,1267,NCA.1995,117,2,2
Trinity,NCA,1995,1996,326378,8,19,1268,NCA.1996,118,2,2
Trinity,NCA,1996,1997,366113,11.5,20,1269,NCA.1997,119,2,2
Trinity,NCA,1997,1998,529850,8,21,1270,NCA.1998,120,2,2
Trinity,NCA,1998,1999,536180,8,22,1271,NCA.1999,121,2,2
Trinity,NCA,1999,2000,483145,8,23,1272,NCA.2000,122,2,2
Trinity,NCA,2000,2001,738909,8,24,1273,NCA.2001,123,2,2
Trinity,NCA,2001,2002,731455,8,25,1274,NCA.2002,124,2,2
Trinity,NCA,2002,2003,745282,8,26,1275,NCA.2003,125,2,2
Trinity,NCA,2003,2004,761572,8,27,1276,NCA.2004,126,2,2
Trinity,NCA,2004,2005,723472,8,28,1277,NCA.2005,127,2,2
Trinity,NCA,2005,2006,716369,8,29,1278,NCA.2006,128,2,2
Trinity,NCA,2006,2007,724989,8,30,1279,NCA.2007,129,2,2
Trinity,NCA,2007,2008,686190,8,31,1280,NCA.2008,130,2,2
Trinity,NCA,2008,2009,777599,10,32,1281,NCA.2009,131,2,2
Trinity,NCA,2009,2010,727222,10,33,1282,NCA.2010,132,2,2
Turtle_large,URB,1985,1987,208492,1,9,1283,URB.1987,418,10,10
Turtle_large,URB,1986,1988,227964,1,10,1284,URB.1988,419,10,10
Turtle_large,URB,1987,1989,175069,1,11,1285,URB.1989,420,10,10
Turtle_large,URB,1989,1991,90306,1,13,1286,URB.1991,422,10,10
Turtle_large,URB,1990,1992,90100,1,14,1287,URB.1992,423,10,10
Turtle_large,URB,1991,1993,87515,1,15,1288,URB.1993,424,10,10
Turtle_large,URB,1992,1994,87991,1,16,1289,URB.1994,425,10,10
Turtle_large,URB,1993,1995,193994,1,17,1290,URB.1995,426,10,10
Turtle_large_MCOL,MCOL,1982,1984,196208,1,6,1291,MCOL.1984,73,8,8
Turtle_small,URB,1992,1993,71846,10,16,1292,URB.1993,424,10,10
Turtle_small,URB,1993,1994,196159,10,17,1293,URB.1994,425,10,10
Umatilla_large,MCOL,1993,1994,308481,11,17,1294,MCOL.1994,83,8,8
Umatilla_large,MCOL,1995,1996,298056,11,19,1295,MCOL.1996,85,8,8
Umatilla_large,MCOL,1995,1997,126983,1,19,1296,MCOL.1997,86,8,8
Umatilla_large,MCOL,1996,1997,291815,11,20,1297,MCOL.1997,86,8,8
Umatilla_large,MCOL,1997,1998,284861,10.5,21,1298,MCOL.1998,87,8,8
Umatilla_large,MCOL,1998,1999,386953,10,22,1299,MCOL.1999,88,8,8
Umatilla_large,MCOL,1999,2000,594343,11,23,1300,MCOL.2000,89,8,8
Umatilla_large,MCOL,2000,2001,634519,11,24,1301,MCOL.2001,90,8,8
Umatilla_large,MCOL,2001,2002,607043,11,25,1302,MCOL.2002,91,8,8
Umatilla_large,MCOL,2002,2003,621314,11,26,1303,MCOL.2003,92,8,8
Umatilla_large,MCOL,2003,2004,601660,10.5,27,1304,MCOL.2004,93,8,8
Umatilla_large,MCOL,2004,2005,594851,11,28,1305,MCOL.2005,94,8,8
Umatilla_large,MCOL,2005,2006,628859,11,29,1306,MCOL.2006,95,8,8
Umatilla_large,MCOL,2005,2007,51134,1,29,1307,MCOL.2007,96,8,8
Umatilla_large,MCOL,2006,2007,607389,11,30,1308,MCOL.2007,96,8,8
Umatilla_large,MCOL,2006,2008,52630,1,30,1309,MCOL.2008,97,8,8
Umatilla_large,MCOL,2007,2008,342729,11,31,1310,MCOL.2008,97,8,8
Umatilla_large,MCOL,2008,2009,641423,12,32,1311,MCOL.2009,98,8,8
Umatilla_large,MCOL,2008,2010,181452,1,32,1312,MCOL.2010,99,8,8
Umatilla_large,MCOL,2009,2010,638024,11,33,1313,MCOL.2010,99,8,8
Upper_Snake_late_large,SNAK,1994,1996,113977,1,18,1314,SNAK.1996,370,9,9
Upper_Snake_late_large,SNAK,1996,1998,266586,1,20,1315,SNAK.1998,372,9,9
Upper_Snake_late_large,SNAK,1997,1999,289733,1,21,1316,SNAK.1999,373,9,9
Upper_Snake_late_large,SNAK,1998,2000,131048,1,22,1317,SNAK.2000,374,9,9
Upper_Snake_late_large,SNAK,1999,2001,205212,1,23,1318,SNAK.2001,375,9,9
Upper_Snake_late_large,SNAK,2000,2002,159059,1,24,1319,SNAK.2002,376,9,9
Upper_Snake_late_large,SNAK,2001,2003,289139,1,25,1320,SNAK.2003,377,9,9
Upper_Snake_late_large,SNAK,2004,2006,70185,1,28,1321,SNAK.2006,380,9,9
Upper_Snake_late_large,SNAK,2005,2006,98797,11,29,1322,SNAK.2006,380,9,9
Upper_Snake_late_large,SNAK,2005,2007,69180,1,29,1323,SNAK.2007,381,9,9
Upper_Snake_late_large,SNAK,2007,2008,98734,11,31,1324,SNAK.2008,382,9,9
Upper_Snake_late_large,SNAK,2007,2009,70325,1,31,1325,SNAK.2009,383,9,9
Upper_Snake_late_large,SNAK,2008,2009,100383,11,32,1326,SNAK.2009,383,9,9
Upper_Snake_late_large,SNAK,2008,2010,70925,1,32,1327,SNAK.2010,384,9,9
Upper_Snake_late_large,SNAK,2009,2010,100778,11,33,1328,SNAK.2010,384,9,9
Washougal_early,LCOL,1977,1978,151399,10,1,1329,LCOL.1978,34,7,7
Washougal_early,LCOL,1980,1981,28708,9,4,1330,LCOL.1981,37,7,7
Washougal_early,LCOL,1981,1982,170424,10,5,1331,LCOL.1982,38,7,7
Washougal_early,LCOL,1982,1983,302042,6,6,1332,LCOL.1983,39,7,7
Washougal_early,LCOL,1983,1984,405207,7.5,7,1333,LCOL.1984,40,7,7
Washougal_early,LCOL,1984,1985,385112,8,8,1334,LCOL.1985,41,7,7
Washougal_early,LCOL,1985,1986,500106,7,9,1335,LCOL.1986,42,7,7
Washougal_early,LCOL,1986,1987,207377,10,10,1336,LCOL.1987,43,7,7
Washougal_early,LCOL,1987,1988,213935,10,11,1337,LCOL.1988,44,7,7
Washougal_early,LCOL,1989,1990,93542,10,13,1338,LCOL.1990,46,7,7
Washougal_early,LCOL,1990,1991,91498,10,14,1339,LCOL.1991,47,7,7
Washougal_early,LCOL,1992,1993,175008,9,16,1340,LCOL.1993,49,7,7
Washougal_early,LCOL,1994,1995,175162,9.5,18,1341,LCOL.1995,51,7,7
Washougal_early,LCOL,1995,1996,155857,9.5,19,1342,LCOL.1996,52,7,7
Washougal_early,LCOL,1996,1997,174641,9.5,20,1343,LCOL.1997,53,7,7
Washougal_early,LCOL,1997,1998,166602,9.5,21,1344,LCOL.1998,54,7,7
Washougal_early,LCOL,1998,1999,179839,9.5,22,1345,LCOL.1999,55,7,7
Washougal_early,LCOL,2000,2001,92798,10,24,1346,LCOL.2001,57,7,7
Washougal_early,LCOL,2001,2002,97717,10,25,1347,LCOL.2002,58,7,7
Washougal_early,LCOL,2002,2003,96888,10,26,1348,LCOL.2003,59,7,7
Washougal_early,LCOL,2003,2004,91103,10,27,1349,LCOL.2004,60,7,7
Washougal_early,LCOL,2004,2005,100265,10,28,1350,LCOL.2005,61,7,7
Washougal_early,LCOL,2005,2006,84095,10,29,1351,LCOL.2006,62,7,7
Washougal_early,LCOL,2006,2007,89092,10,30,1352,LCOL.2007,63,7,7
Washougal_early,LCOL,2007,2008,96695,9,31,1353,LCOL.2008,64,7,7
Washougal_early,LCOL,2008,2009,89017,10,32,1354,LCOL.2009,65,7,7
Washougal_early,LCOL,2009,2010,90162,11,33,1355,LCOL.2010,66,7,7
White_salmon_7_small,MCOL,1994,1995,693508,10,18,1356,MCOL.1995,84,8,8
White_salmon_7_small,MCOL,1995,1996,685613,10,19,1357,MCOL.1996,85,8,8
White_salmon_late,MCOL,1990,1991,50277,10,14,1358,MCOL.1991,80,8,8
White_salmon_late,MCOL,1991,1992,49962,10,15,1359,MCOL.1992,81,8,8
White_salmon_late,MCOL,1992,1993,47473,10,16,1360,MCOL.1993,82,8,8
White_salmon_late,MCOL,1993,1994,50072,10,17,1361,MCOL.1994,83,8,8
White_salmon_late,MCOL,1994,1995,197550,10,18,1362,MCOL.1995,84,8,8
White_salmon_late,MCOL,1995,1996,196920,10,19,1363,MCOL.1996,85,8,8
White_salmon_late,MCOL,1996,1997,197499,10,20,1364,MCOL.1997,86,8,8
White_salmon_late,MCOL,1998,1999,198452,10,22,1365,MCOL.1999,88,8,8
White_salmon_late,MCOL,2000,2001,193877,10,24,1366,MCOL.2001,90,8,8
White_salmon_late,MCOL,2001,2002,198933,10,25,1367,MCOL.2002,91,8,8
White_salmon_late,MCOL,2002,2003,186942,10,26,1368,MCOL.2003,92,8,8
White_salmon_late,MCOL,2003,2004,196936,10,27,1369,MCOL.2004,93,8,8
White_salmon_late,MCOL,2004,2005,179130,10,28,1370,MCOL.2005,94,8,8
White_salmon_late,MCOL,2005,2006,228976,10,29,1371,MCOL.2006,95,8,8
White_salmon_late,MCOL,2006,2007,196531,10,30,1372,MCOL.2007,96,8,8
White_salmon_late,MCOL,2007,2008,199665,9,31,1373,MCOL.2008,97,8,8
White_salmon_late,MCOL,2008,2009,361948,10,32,1374,MCOL.2009,98,8,8
White_salmon_late,MCOL,2009,2010,362931,10,33,1375,MCOL.2010,99,8,8
White_salmon_small,MCOL,1983,1984,94847,9,7,1376,MCOL.1984,73,8,8
White_salmon_small,MCOL,1983,1985,91549,1,7,1377,MCOL.1985,74,8,8
White_salmon_small,MCOL,1985,1986,195310,10,9,1378,MCOL.1986,75,8,8
White_salmon_small,MCOL,1985,1987,83132,1,9,1379,MCOL.1987,76,8,8
White_salmon_small,MCOL,1987,1988,383855,11,11,1380,MCOL.1988,77,8,8
White_salmon_small,MCOL,1988,1989,185996,11,12,1381,MCOL.1989,78,8,8
White_salmon_small,MCOL,1989,1990,201769,10.5,13,1382,MCOL.1990,79,8,8
Youngs Bay,SAB,1989,1990,50336,8,13,1383,SAB.1990,234,6,6
Youngs Bay,SAB,1993,1994,25351,9,17,1384,SAB.1994,238,6,6
Youngs Bay,SAB,1994,1995,229978,9.5,18,1385,SAB.1995,239,6,6
Youngs Bay,SAB,1995,1996,183190,9,19,1386,SAB.1996,240,6,6
Youngs Bay,SAB,1996,1997,314523,9.5,20,1387,SAB.1997,241,6,6
Youngs Bay,SAB,1997,1998,116043,9,21,1388,SAB.1998,242,6,6
Youngs Bay,SAB,1998,1999,152989,8.5,22,1389,SAB.1999,243,6,6
Youngs Bay,SAB,1999,2000,118441,9,23,1390,SAB.2000,244,6,6
Youngs Bay,SAB,2000,2001,122375,9,24,1391,SAB.2001,245,6,6
Youngs Bay,SAB,2001,2002,121789,9,25,1392,SAB.2002,246,6,6
Youngs Bay,SAB,2002,2003,51208,8.5,26,1393,SAB.2003,247,6,6
Youngs Bay,SAB,2003,2004,49754,9,27,1394,SAB.2004,248,6,6
Youngs Bay,SAB,2004,2005,49400,9,28,1395,SAB.2005,249,6,6
Youngs Bay,SAB,2005,2006,46757,9,29,1396,SAB.2006,250,6,6
Youngs Bay,SAB,2008,2009,25112,9,32,1397,SAB.2009,253,6,6
Youngs Bay,SAB,2009,2010,27017,9,33,1398,SAB.2010,254,6,6
Yuba,SFB,1983,1984,30100,12,7,1399,SFB.1984,261,1,1
Yuba,SFB,1986,1987,32021,12,10,1400,SFB.1987,264,1,1